,Unnamed: 0.1,Unnamed: 0,filename,segments,knn_segs,svm_segs,segs_4sec,new_seg_4sec
0,0,190182,Programs/75/75387/A75387/PM-1501/A75387-024.wav,1,3,9,9,5
1,1,190183,Programs/64/64106/A64106/PM-MM-1305/A64106-24.wav,1,2,3,2,0
2,2,190184,Programs/66/66233/A66233/PM-1905/A66233-006.wav,1,16,17,13,11
3,3,190185,Programs/66/66233/A66233/PM-1905/A66233-009.wav,1,8,8,7,6
4,4,190186,Programs/80/80994/A80994/PM/A80994-05_Potret_05.wav,1,0,1,4,0
5,5,190187,Programs/80/80103/A80103/PM/A80103-10.wav,1,7,11,12,7
6,6,190188,Programs/64/64020/A64020/PM-1302/A64020-35.wav,1,5,7,3,2
7,7,190189,Programs/66/66149/A66149/PM-1811/A66149-16-Rup_15.wav,1,0,3,2,1
8,8,190190,Programs/64/64020/A64020/PM-1302/A64020-39.wav,1,8,9,4,3
9,9,190191,Programs/66/66004/A66004/PM-1903/A66004-006.wav,1,20,5,0,0
10,10,190192,Programs/62/62039/A62039/PM-1506/A62039-002.wav,1,38,38,39,22
11,11,190193,Programs/63/63327/A63327/PM-1011/A63327-16.wav,1,2,7,6,1
12,12,190194,Programs/63/63327/A63327/PM-1011/A63327-14.wav,1,3,6,5,0
13,13,190195,Programs/65/65291/A65291/PM-1608/A65291-04 Pic3 Borana Sakuye LLL5.WAV,1,13,13,12,11
14,14,190196,Programs/64/64051/A64051/PM-1303/A64051-08.wav,1,6,2,0,0
15,15,190197,Programs/80/80641/A80641/From_CM/C80641A Region 00_00_20_085 to 00_00_39_743 (02 _ 03).wav,1,4,4,5,2
16,16,190198,Programs/64/64051/A64051/PM-1303/A64051-01.wav,1,0,0,0,0
17,17,190199,Programs/64/64573/A64573/PM-1408/A64573-033.wav,1,6,4,1,0
18,18,190200,Programs/63/63028/A63028/PM-0903/A63028-01.wav,1,18,15,15,3
19,19,190201,Programs/19/19060/A19060/PM-1809/A19060-027.wav,1,4,5,2,2
20,20,190202,Programs/63/63028/A63028/PM-0903/A63028-02.wav,1,19,17,17,5
21,21,190203,Programs/63/63028/A63028/PM-0903/A63028-03.wav,1,20,19,17,5
22,22,190204,Programs/64/64573/A64573/PM-1408/A64573-008.wav,1,11,10,3,0
23,23,190205,Programs/66/66004/A66004/PM-1903/A66004-001.wav,1,11,0,0,0
24,24,190206,Programs/63/63028/A63028/PM-0903/A63028-12.wav,1,27,27,20,5
25,25,190207,Programs/28/28920/A28920/MM/A28920-11.wav,1,5,3,1,1
26,26,190208,Programs/64/64324/A64324/PM-1311/A64324-06.wav,1,15,15,9,5
27,27,190209,Programs/62/62039/A62039/PM-1506/A62039-009.wav,1,0,0,0,0
28,28,190210,Programs/12/12030/A12030/From_CM/C12030A Region 00_00_00_000 to 00_01_31_178 (01 _ 02).wav,1,4,5,4,2
29,29,190211,Programs/64/64275/A64275/PM-1003/A64275-041.wav,1,6,9,9,8
30,30,190212,Programs/12/12030/A12030/From_CM/C12030A Region 00_04_40_832 to 00_06_14_943 (03 _ 04).wav,1,3,1,0,0
31,31,190213,Programs/64/64275/A64275/PM-1003/A64275-032.wav,1,9,9,9,6
32,32,190214,Programs/32/32970/A32970/MM/A32970-19.wav,1,8,9,9,3
33,33,190215,Programs/01/01911/A01911/From_CM/C01911B-03.wav,1,3,9,2,0
34,34,190216,Programs/64/64126/A64126/PM-0912/A64126-07.wav,1,8,9,0,0
35,35,190217,Programs/19/19060/A19060/PM-1809/A19060-037.wav,1,7,8,5,1
36,36,190218,Programs/64/64275/A64275/PM-1003/A64275-031.wav,1,3,4,5,5
37,37,190219,Programs/64/64270/A64270/PM-1311-24bit/A64270-010.wav,1,7,7,3,0
38,38,190220,Programs/80/80639/A80639/PM-1308/A80639-002.wav,1,3,4,3,2
39,39,190221,Programs/63/63782/A63782/PM-1109/A63782-02.wav,1,5,5,5,5
40,40,190222,Programs/19/19060/A19060/PM-1809/A19060-008.wav,1,4,5,4,1
41,41,190223,Programs/65/65292/A65292/PM-1608/A65292-24 Pic 23 Borana Sakuye LLL6.WAV,1,7,7,7,6
42,42,190224,Programs/64/64270/A64270/PM-1311-24bit/A64270-017.wav,1,6,6,3,2
43,43,190225,Programs/64/64126/A64126/PM-0912/A64126-14.wav,1,37,19,9,0
44,44,190226,Programs/65/65291/A65291/PM-1608/A65291-07 Pic6 Borana Sakuye LLL5.WAV,1,16,17,16,15
45,45,190227,Programs/64/64275/A64275/PM-1003/A64275-026.wav,1,5,5,5,3
46,46,190228,Programs/19/19060/A19060/PM-1809/A19060-032.wav,1,10,10,6,4
47,47,190229,Programs/65/65291/A65291/PM-1608/A65291-05 Pic4 Borana Sakuye LLL5.WAV,1,13,13,13,12
48,48,190230,Programs/64/64324/A64324/PM-1311/A64324-05.wav,1,15,14,14,3
49,49,190231,Programs/38/38221/A38221/PM/A38221-12.wav,1,3,3,5,1
50,50,190232,Programs/80/80641/A80641/From_CM/C80641B Region 00_00_15_829 to 00_00_33_941 (02 _ 03).wav,1,4,4,3,0
51,51,190233,Programs/64/64324/A64324/PM-1311/A64324-03.wav,1,16,16,10,5
52,52,190234,Programs/74/74683/A74683/PM-Copy_from_cas_pm/A74683-43.wav,1,0,0,0,0
53,53,190235,Programs/62/62596/A62596/PM-0808/A62596-15.wav,1,7,8,5,1
54,54,190236,Programs/63/63027/A63027/PM-0903/A63027-32.wav,1,12,10,9,4
55,55,190237,Programs/62/62596/A62596/PM-0808/A62596-14.wav,1,6,8,5,2
56,56,190238,Programs/15/15581/A15581/MM/A15581-08.wav,1,1,0,1,0
57,57,190239,Programs/65/65287/A65287/PM-1608/A65287-012.wav,1,4,4,4,4
58,58,190240,Programs/15/15581/A15581/MM/A15581-05.wav,1,1,3,3,2
59,59,190241,Programs/62/62596/A62596/PM-0808/A62596-02.wav,1,4,5,2,0
60,60,190242,Programs/63/63382/A63382/PM-1211/A63382-027.wav,1,0,0,0,0
61,61,190243,Programs/65/65287/A65287/PM-1608/A65287-022.wav,1,5,5,5,3
62,62,190244,Programs/80/80640/A80640/From_CM/C80640A Region 00_00_00_000 to 00_00_26_367 (01 _ 02).wav,1,1,1,0,0
63,63,190245,Programs/15/15581/A15581/MM/A15581-01.wav,1,0,4,1,0
64,64,190246,Programs/64/64573/A64573/PM-1408/A64573-024.wav,1,11,10,0,0
65,65,190247,Programs/80/80683/A80683/PM/A80683-13.wav,1,0,1,0,0
66,66,190248,Programs/74/74683/A74683/PM-Copy_from_cas_pm/A74683-27.wav,1,4,0,2,0
67,67,190249,Programs/64/64324/A64324/PM-1311/A64324-23.wav,1,11,10,6,3
68,68,190250,Programs/27/27191/A27191/PM-0905/A27191-18.wav,1,26,12,4,3
69,69,190251,Programs/63/63027/A63027/PM-0903/A63027-28.wav,1,11,12,8,4
70,70,190252,Programs/63/63781/A63781/PM-1109/A63781-01.wav,1,8,8,8,5
71,71,190253,Programs/63/63027/A63027/PM-0903/A63027-26.wav,1,10,10,10,4
72,72,190254,Programs/64/64324/A64324/PM-1311/A64324-29.wav,1,10,10,9,3
73,73,190255,Programs/64/64324/A64324/PM-1311/A64324-33.wav,1,18,18,11,2
74,74,190256,Programs/63/63027/A63027/PM-0903/A63027-37.wav,1,9,7,7,2
75,75,190257,Programs/35/35810/A35810/PM-0909/A35810-10.wav,1,5,9,9,3
76,76,190258,Programs/63/63027/A63027/PM-0903/A63027-03.wav,1,7,8,7,2
77,77,190259,Programs/64/64324/A64324/PM-1311/A64324-28.wav,1,11,11,11,7
78,78,190260,Programs/63/63027/A63027/PM-0903/A63027-09.wav,1,10,11,9,5
79,79,190261,Programs/18/18451/A18451/PM-1904/A18451-003.wav,1,3,4,5,4
80,80,190262,Programs/65/65287/A65287/PM-1608/A65287-008.wav,1,5,5,5,5
81,81,190263,Programs/38/38221/A38221/PM/A38221-11.wav,1,2,3,1,0
82,82,190264,Programs/65/65287/A65287/PM-1608/A65287-009.wav,1,4,4,5,2
83,83,190265,Programs/63/63027/A63027/PM-0903/A63027-14.wav,1,12,12,12,4
84,84,190266,Programs/65/65287/A65287/PM-1608/A65287-010.wav,1,3,4,3,3
85,85,190267,Programs/63/63027/A63027/PM-0903/A63027-16.wav,1,10,9,7,3
86,86,190268,Programs/64/64324/A64324/PM-1311/A64324-31.wav,1,13,13,11,2
87,87,190269,Programs/64/64573/A64573/PM-1408/A64573-018.wav,1,7,7,1,1
88,88,190270,Programs/63/63027/A63027/PM-0903/A63027-24.wav,1,14,11,12,3
89,89,190271,Programs/64/64270/A64270/PM-1311-24bit/A64270-004.wav,1,10,10,5,2
90,90,190272,Programs/64/64270/A64270/PM-1311-24bit/A64270-037.wav,1,11,14,14,2
91,91,190273,Programs/66/66149/A66149/PM-1811/A66149-19-Rup_18.wav,1,0,3,0,0
92,92,190274,Programs/65/65289/A65289/PM-1608/A65289-008.wav,1,14,14,12,7
93,93,190275,Programs/19/19481/A19481/PM-1308/A19481-007.wav,1,5,8,0,0
94,94,190276,Programs/65/65292/A65292/PM-1608/A65292-16 Pic 15 Borana Sakuye LLL6.WAV,1,7,7,6,6
95,95,190277,Programs/65/65292/A65292/PM-1608/A65292-18 Pic 17 Borana Sakuye LLL6.WAV,1,9,9,9,8
96,96,190278,Programs/65/65292/A65292/PM-1608/A65292-19 Pic 18 Borana Sakuye LLL6.WAV,1,7,7,7,6
97,97,190279,Programs/65/65292/A65292/PM-1608/A65292-20 Pic 19 Borana Sakuye LLL6.WAV,1,6,6,5,4
98,98,190280,Programs/65/65929/A65929/PM-1909/A65929-005.wav,1,20,20,17,6
99,99,190281,Programs/65/65929/A65929/PM-1909/A65929-006.wav,1,11,11,9,4
100,100,190282,Programs/80/80413/A80413/PM-1808/A80413-018.wav,1,13,15,14,11
101,101,190283,Programs/19/19481/A19481/PM-1308/A19481-002.wav,1,4,5,1,0
102,102,190284,Programs/37/37721/A37721/PM-1307/A37721-14.wav,1,3,4,3,2
103,103,190285,Programs/37/37721/A37721/PM-1307/A37721-12.wav,1,10,12,12,0
104,104,190286,Programs/80/80413/A80413/PM-1808/A80413-014.wav,1,12,15,16,12
105,105,190287,Programs/80/80413/A80413/PM-1808/A80413-007.wav,1,13,15,8,4
106,106,190288,Programs/65/65930/A65930/PM-1908/A65930-003.wav,1,12,12,3,0
107,107,190289,Programs/65/65930/A65930/PM-1908/A65930-002.wav,1,13,13,10,5
108,108,190290,Programs/64/64591/A64591/PM-1511/A64591-38.wav,1,1,3,2,2
109,109,190291,Programs/65/65289/A65289/PM-1608/A65289-017.wav,1,14,14,12,8
110,110,190292,Programs/37/37965/A37965/PM/A37965-16.wav,1,1,5,3,1
111,111,190293,Programs/63/63757/A63757/PM-1207/A63757-12.wav,1,10,14,5,2
112,112,190294,Programs/80/80977/A80977/PM/A80977-20.wav,1,6,4,3,0
113,113,190295,Programs/78/78490/A78490/PM-1909/A78490-002.wav,1,5,5,4,4
114,114,190296,Programs/64/64789/A64789/PM-1602/A64789-003.wav,1,9,7,5,1
115,115,190297,Programs/63/63757/A63757/PM-1207/A63757-07.wav,1,4,11,9,3
116,116,190298,Programs/63/63757/A63757/PM-1207/A63757-06.wav,1,8,9,2,0
117,117,190299,Programs/37/37965/A37965/PM/A37965-38.wav,1,3,6,4,0
118,118,190300,Programs/80/80413/A80413/PM-1808/A80413-024.wav,1,16,31,10,4
119,119,190301,Programs/37/37965/A37965/PM/A37965-28.wav,1,5,7,5,2
120,120,190302,Programs/37/37965/A37965/PM/A37965-29.wav,1,3,5,1,1
121,121,190303,Programs/37/37965/A37965/PM/A37965-30.wav,1,6,10,5,4
122,122,190304,Programs/65/65289/A65289/PM-1608/A65289-003.wav,1,9,9,10,8
123,123,190305,Programs/65/65289/A65289/PM-1608/A65289-007.wav,1,11,11,12,9
124,124,190306,Programs/64/64788/A64788/PM-1602/A64788-009.wav,1,3,5,6,2
125,125,190307,Programs/37/37965/A37965/PM/A37965-35.wav,1,1,4,0,0
126,126,190308,Programs/80/80413/A80413/PM-1808/A80413-023.wav,1,13,18,11,4
127,127,190309,Programs/64/64788/A64788/PM-1602/A64788-018.wav,1,6,8,8,2
128,128,190310,Programs/63/63757/A63757/PM-1207/A63757-03.wav,1,5,5,2,0
129,129,190311,Programs/63/63757/A63757/PM-1207/A63757-02.wav,1,5,7,7,2
130,130,190312,Programs/78/78490/A78490/PM-1909/A78490-004.wav,1,9,9,9,8
131,131,190313,Programs/80/80945/A80945/PM-Copy-0908/A80945-14.wav,1,0,1,1,0
132,132,190314,Programs/65/65930/A65930/PM-1908/A65930-008.wav,1,15,17,15,4
133,133,190315,Programs/33/33280/A33280/PM-1109/A33280-002.wav,1,9,9,7,2
134,134,190316,Programs/65/65929/A65929/PM-1909/A65929-017.wav,1,16,17,18,9
135,135,190317,Programs/32/32970/A32970/MM/A32970-08.wav,1,6,6,6,5
136,136,190318,Programs/29/29790/A29790/From_CM/C29790B Region 00_00_00_000 to 00_00_28_629 (01 _ 02).wav,1,1,0,0,0
137,137,190319,Programs/32/32970/A32970/MM/A32970-09.wav,1,7,7,5,4
138,138,190320,Programs/29/29790/A29790/From_CM/C29790A Region 00_25_07_306 to 00_25_55_072 (06 _ 07).wav,1,0,0,0,0
139,139,190321,Programs/63/63781/A63781/PM-1109/A63781-31.wav,1,13,13,13,11
140,140,190322,Programs/32/32970/A32970/MM/A32970-11.wav,1,9,7,9,4
141,141,190323,Programs/65/65292/A65292/PM-1608/A65292-21 Pic 20 Borana Sakuye LLL6.WAV,1,6,6,6,6
142,142,190324,Programs/64/64270/A64270/PM-1311-24bit/A64270-025.wav,1,6,7,8,4
143,143,190325,Programs/64/64270/A64270/PM-1311-24bit/A64270-022.wav,1,8,11,11,1
144,144,190326,Programs/64/64270/A64270/PM-1311-24bit/A64270-027.wav,1,4,6,5,1
145,145,190327,Programs/32/32970/A32970/MM/A32970-14.wav,1,5,5,5,5
146,146,190328,Programs/64/64270/A64270/PM-1311-24bit/A64270-030.wav,1,7,8,9,1
147,147,190329,Programs/30/30510/A30510/PM-2008/A30510-015.wav,1,9,9,9,4
148,148,190330,Programs/64/64270/A64270/PM-1311-24bit/A64270-029.wav,1,7,8,7,1
149,149,190331,Programs/64/64270/A64270/PM-1311-24bit/A64270-032.wav,1,6,8,5,1
150,150,190332,Programs/64/64270/A64270/PM-1311-24bit/A64270-033.wav,1,8,8,7,1
151,151,190333,Programs/64/64270/A64270/PM-1311-24bit/A64270-035.wav,1,9,9,6,1
152,152,190334,Programs/63/63327/A63327/PM-1011/A63327-19.wav,1,3,9,3,0
153,153,190335,Programs/63/63781/A63781/PM-1109/A63781-21.wav,1,16,15,12,12
154,154,190336,Programs/80/80977/A80977/PM/A80977-19.wav,1,9,3,2,0
155,155,190337,Programs/38/38203/A38203/PM-1207/A38203-04.wav,1,0,0,0,0
156,156,190338,Programs/32/32970/A32970/MM/A32970-31.wav,1,12,13,14,9
157,157,190339,Programs/32/32970/A32970/MM/A32970-37.wav,1,6,6,6,5
158,158,190340,Programs/64/64591/A64591/PM-1511/A64591-16.wav,1,1,4,4,3
159,159,190341,Programs/32/32970/A32970/MM/A32970-38.wav,1,7,10,9,8
160,160,190342,Programs/64/64591/A64591/PM-1511/A64591-02.wav,1,0,2,3,2
161,161,190343,Programs/65/65289/A65289/PM-1608/A65289-011.wav,1,13,13,13,8
162,162,190344,Programs/37/37140/A37140/From_CM/C37140A Region 00_00_00_000 to 00_02_04_306 (01 _ 02.wav,1,4,6,6,1
163,163,190345,Programs/38/38203/A38203/PM-1207/A38203-03.wav,1,8,8,8,5
164,164,190346,Programs/65/65291/A65291/PM-1608/A65291-12 Pic11 Borana Sakuye LLL5.WAV,1,15,16,15,11
165,165,190347,Programs/80/80388/A80388/PM-1704/A80388-023.wav,1,13,18,15,11
166,166,190348,Programs/63/63781/A63781/PM-1109/A63781-09.wav,1,12,11,10,7
167,167,190349,Programs/63/63781/A63781/PM-1109/A63781-08.wav,1,11,11,10,9
168,168,190350,Programs/78/78488/A78488/From_CM/C78488 Region 00_00_00_000 to 00_00_23_722 (01 _ 02).wav,1,5,5,5,4
169,169,190351,Programs/65/65287/A65287/PM-1608/A65287-004.wav,1,6,6,6,5
170,170,190352,Programs/32/32970/A32970/MM/A32970-01.wav,1,2,3,2,2
171,171,190353,Programs/32/32970/A32970/MM/A32970-23.wav,1,6,6,5,3
172,172,190354,Programs/27/27191/A27191/PM-0905/A27191-25.wav,1,4,5,2,0
173,173,190355,Programs/64/64573/A64573/PM-1408/A64573-032.wav,1,9,10,3,0
174,174,190356,Programs/64/64322/A64322/PM-1407/A64322-003.wav,1,6,6,7,6
175,175,190357,Programs/63/63844/A63844/PM-1206/A63844-33.wav,1,16,16,17,13
176,176,190358,Programs/74/74380/A74380/PM-1511/A74380-014.wav,1,0,0,0,0
177,177,190359,Programs/74/74380/A74380/PM-1511/A74380-006.wav,1,0,0,0,0
178,178,190360,Programs/65/65293/A65293/PM-1608/A65293-02 Pic 1 Borana Sakuye LLL7.WAV,1,6,6,5,3
179,179,190361,Programs/63/63844/A63844/PM-1206/A63844-01.wav,1,3,3,3,3
180,180,190362,Programs/63/63844/A63844/PM-1206/A63844-20.wav,1,11,11,10,9
181,181,190363,Programs/74/74380/A74380/PM-1511/A74380-029.wav,1,0,0,0,0
182,182,190364,Programs/80/80635/A80635/From_CM/C80635B Region 00_00_18_261 to 00_00_35_989 (02 _ 03).wav,1,3,3,3,2
183,183,190365,Programs/79/79197/A79197/PM-1909/A79197-013.wav,1,11,11,11,6
184,184,190366,vox_grn/Audio_MP3/66/66150/Hre Anoi 'Noh Bau Lem 004 Hunh 3 66150.mp3,1,4,5,6,4
185,185,190367,Programs/64/64405/A64405/PM-1406/A64405-24_Pic24_Ateso_LLL2.wav,1,28,28,28,24
186,186,190368,Programs/63/63844/A63844/PM-1206/A63844-17.wav,1,5,5,6,3
187,187,190369,Programs/79/79197/A79197/PM-1909/A79197-014.wav,1,12,12,14,8
188,188,190370,Programs/63/63768/A63768/PM-1202/A63768-12.wav,1,3,17,15,5
189,189,190371,Programs/63/63844/A63844/PM-1206/A63844-10.wav,1,16,17,15,12
190,190,190372,Programs/63/63844/A63844/PM-1206/A63844-09.wav,1,9,9,8,4
191,191,190373,Programs/63/63844/A63844/PM-1206/A63844-13.wav,1,7,8,10,5
192,192,190374,Programs/63/63844/A63844/PM-1206/A63844-16.wav,1,10,8,11,8
193,193,190375,Programs/63/63844/A63844/PM-1206/A63844-37.wav,1,9,9,10,4
194,194,190376,Programs/63/63844/A63844/PM-1206/A63844-32.wav,1,8,8,8,5
195,195,190377,Programs/65/65344/A65344/PM-1608/A65344-009.wav,1,16,19,16,14
196,196,190378,Programs/34/34111/A34111/PM-1904/A34111-006.wav,1,5,6,6,2
197,197,190379,Programs/65/65294/A65294/PM-1608/A65294-04 Pic 3 Borana Sakuye LLL8.WAV,1,8,8,7,7
198,198,190380,vox_grn/Audio_MP3/66/66150/Hre Anoi 'Noh Bau Lem 022 Hunh 21 66150.mp3,1,9,9,10,5
199,199,190381,Programs/63/63844/A63844/PM-1206/A63844-40.wav,1,8,8,7,6
200,200,190382,Programs/65/65294/A65294/PM-1608/A65294-03 Pic 2 Borana Sakuye LLL8.WAV,1,7,7,6,6
201,201,190383,Programs/65/65294/A65294/PM-1608/A65294-01 Intro Borana Sakuye LLL8.WAV,1,7,7,6,6
202,202,190384,Programs/63/63769/A63769/PM-1207/A63769-28.wav,1,0,1,1,1
203,203,190385,Programs/65/65293/A65293/PM-1608/A65293-24 Pic 23 Borana Sakuye LLL7.WAV,1,5,5,5,3
204,204,190386,Programs/63/63769/A63769/PM-1207/A63769-29.wav,1,0,0,0,0
205,205,190387,Programs/63/63769/A63769/PM-1207/A63769-30.wav,1,0,0,0,0
206,206,190388,Programs/65/65293/A65293/PM-1608/A65293-23 Pic 22 Borana Sakuye LLL7.WAV,1,7,6,6,3
207,207,190389,Programs/63/63769/A63769/PM-1207/A63769-26.wav,1,0,2,2,1
208,208,190390,Programs/63/63769/A63769/PM-1207/A63769-36.wav,1,0,2,0,0
209,209,190391,Programs/63/63844/A63844/PM-1206/A63844-27.wav,1,7,8,8,6
210,210,190392,Programs/63/63769/A63769/PM-1207/A63769-37.wav,1,0,0,0,0
211,211,190393,Programs/63/63844/A63844/PM-1206/A63844-28.wav,1,6,5,6,3
212,212,190394,Programs/63/63844/A63844/PM-1206/A63844-29.wav,1,9,9,9,7
213,213,190395,Programs/63/63769/A63769/PM-1207/A63769-24.wav,1,0,0,1,0
214,214,190396,Programs/64/64683/A64683/PM-1409/A64683-12.wav,1,9,9,9,7
215,215,190397,Programs/79/79197/A79197/PM-1909/A79197-016.wav,1,10,10,11,6
216,216,190398,Programs/65/65294/A65294/PM-1608/A65294-15 Pic 14 Borana Sakuye LLL8.WAV,1,7,7,7,7
217,217,190399,Programs/38/38026/A38026/PM-1303/A38026-002.wav,1,11,11,9,1
218,218,190400,Programs/66/66149/A66149/PM-1811/A66149-40-Rup_39.wav,1,0,4,2,0
219,219,190401,Programs/64/64020/A64020/PM-1302/A64020-34.wav,1,7,8,5,3
220,220,190402,Programs/66/66149/A66149/PM-1811/A66149-41-Rup_40.wav,1,0,4,1,0
221,221,190403,Programs/64/64020/A64020/PM-1302/A64020-25.wav,1,9,8,5,2
222,222,190404,Programs/64/64020/A64020/PM-1302/A64020-16.wav,1,10,10,5,3
223,223,190405,Programs/64/64020/A64020/PM-1302/A64020-18.wav,1,12,11,7,4
224,224,190406,Programs/66/66149/A66149/PM-1811/A66149-03-Rup_2.wav,1,0,2,1,1
225,225,190407,Programs/64/64020/A64020/PM-1302/A64020-20.wav,1,7,8,3,2
226,226,190408,Programs/65/65293/A65293/PM-1608/A65293-12 Pic 11 Borana Sakuye LLL7.WAV,1,5,5,6,5
227,227,190409,Programs/66/66149/A66149/PM-1811/A66149-38-Rup_37.wav,1,1,4,5,3
228,228,190410,Programs/65/65293/A65293/PM-1608/A65293-11 Pic 10 Borana Sakuye LLL7.WAV,1,6,6,6,5
229,229,190411,Programs/66/66149/A66149/PM-1811/A66149-39-Rup_38.wav,1,0,2,2,0
230,230,190412,Programs/64/64020/A64020/PM-1302/A64020-21.wav,1,9,9,5,1
231,231,190413,Programs/66/66149/A66149/PM-1811/A66149-08-Rup_7.wav,1,0,3,1,0
232,232,190414,Programs/80/80634/A80634/From_CM/C80634B Region 00_00_00_000 to 00_00_34_389 (01 _ 02).wav,1,1,5,3,1
233,233,190415,Programs/66/66149/A66149/PM-1811/A66149-18-Rup_17.wav,1,1,5,2,1
234,234,190416,Programs/64/64020/A64020/PM-1302/A64020-13.wav,1,8,8,7,4
235,235,190417,Programs/66/66149/A66149/PM-1811/A66149-10-Rup_9.wav,1,1,4,0,0
236,236,190418,Programs/79/79190/A79190/PM-1908/A79190-004.wav,1,12,12,14,8
237,237,190419,Programs/65/65293/A65293/PM-1608/A65293-16 Pic 15 Borana Sakuye LLL7.WAV,1,4,4,4,4
238,238,190420,Programs/65/65293/A65293/PM-1608/A65293-19 Pic 18 Borana Sakuye LLL7.WAV,1,5,5,4,4
239,239,190421,Programs/65/65293/A65293/PM-1608/A65293-21 Pic 20 Borana Sakuye LLL7.WAV,1,6,7,5,5
240,240,190422,vox_grn/Audio_MP3/66/66150/Hre Anoi 'Noh Bau Lem 010 Hunh 9 66150.mp3,1,6,8,6,3
241,241,190423,Programs/80/80636/A80636/From_CM/C80636A Region 00_00_00_000 to 00_00_15_381 (01 _ 02).wav,1,0,1,1,0
242,242,190424,Programs/79/79197/A79197/PM-1909/A79197-009.wav,1,10,10,9,7
243,243,190425,Programs/79/79197/A79197/PM-1909/A79197-005.wav,1,12,12,12,7
244,244,190426,vox_grn/Audio_MP3/66/66150/Hre Anoi 'Noh Bau Lem 038 Hunh 37 66150.mp3,1,5,5,6,4
245,245,190427,Programs/66/66150/A66150/PM-1711/A66150-01-Introduction.wav,1,2,2,2,2
246,246,190428,Programs/65/65511/A65511/PM-1706/A65511-020.wav,1,2,3,5,0
247,247,190429,Programs/79/79190/A79190/PM-1908/A79190-001.wav,1,2,2,2,0
248,248,190430,Programs/79/79197/A79197/PM-1909/A79197-001.wav,1,8,10,9,4
249,249,190431,Programs/62/62041/A62041/PM/62041-11.wav,1,30,12,6,0
250,250,190432,Programs/65/65293/A65293/PM-1608/A65293-03 Pic 2 Borana Sakuye LLL7.WAV,1,7,7,6,6
251,251,190433,Programs/12/12770/A12770/From_CM/C12770A Region 00_10_22_880 to 00_10_46_010 (05 _ 06).wav,1,0,3,2,2
252,252,190434,Programs/12/12770/A12770/From_CM/C12770A Region 00_17_15_925 to 00_17_31_647 (08 _ 09).wav,1,0,2,3,3
253,253,190435,vox_grn/Audio_MP3/66/66150/Hre Anoi 'Noh Bau Lem 030 Hunh 29 66150.mp3,1,6,7,8,4
254,254,190436,vox_grn/Audio_MP3/66/66150/Hre Anoi 'Noh Bau Lem 029 Hunh 28 66150.mp3,1,5,6,2,2
255,255,190437,Programs/80/80635/A80635/From_CM/C80635A Region 00_00_21_760 to 00_00_41_130 (02 _ 03).wav,1,1,3,3,0
256,256,190438,Programs/65/65294/A65294/PM-1608/A65294-14 Pic 13 Borana Sakuye LLL8.WAV,1,8,8,8,8
257,257,190439,Programs/63/63652/A63652/PM-1502/A63652-038.wav,1,0,2,1,1
258,258,190440,Programs/35/35800/A35800/PM-0909/A35800-19.wav,1,8,18,17,11
259,259,190441,Programs/71/71280/A71280/From_CM/C71280A(18).wav,1,0,1,0,0
260,260,190442,Programs/71/71290/A71290/From_CM/C71290A(15).wav,1,1,1,0,0
261,261,190443,Programs/80/80637/A80637/From_CM/C80637A Region 00_15_20_064 to 00_15_34_535 (16 _ 17).wav,1,0,2,1,1
262,262,190444,Programs/38/38221/A38221/PM/A38221-31.wav,1,1,2,3,0
263,263,190445,Programs/38/38221/A38221/PM/A38221-30.wav,1,2,5,4,1
264,264,190446,Programs/38/38221/A38221/PM/A38221-29.wav,1,5,5,4,1
265,265,190447,Programs/64/64316/A64316/PM-1401/A64316-29.wav,1,9,9,9,6
266,266,190448,Programs/38/38221/A38221/PM/A38221-26.wav,1,2,4,3,1
267,267,190449,Programs/38/38221/A38221/PM/A38221-10.wav,1,1,3,2,0
268,268,190450,Programs/64/64316/A64316/PM-1401/A64316-41.wav,1,7,7,7,5
269,269,190451,Programs/74/74945/A74945/PM-1902/A74945-034.wav,1,2,8,2,0
270,270,190452,Programs/64/64316/A64316/PM-1401/A64316-30.wav,1,7,10,13,6
271,271,190453,Programs/19/19361/A19361/PM-0911/A19361-04.wav,1,0,0,0,0
272,272,190454,vox_grn/Audio_MP3/66/66147/Cham Vietnam Khao Onbon Siam Tamo 028 Hinh 27 66147.mp3,1,5,7,6,1
273,273,190455,Programs/81/81725/A81725/From_CM/C81725B Region 00_18_51_658 to 00_20_15_733 (06 _ 07).wav,1,5,2,1,0
274,274,190456,Programs/38/38221/A38221/PM/A38221-08.wav,1,2,4,0,1
275,275,190457,Programs/81/81725/A81725/From_CM/C81725B Region 00_06_11_136 to 00_07_24_543 (02 _ 03).wav,1,7,3,4,1
276,276,190458,Programs/74/74945/A74945/PM-1902/A74945-037.wav,1,1,3,0,0
277,277,190459,Programs/65/65290/A65290/PM-1608/A65290-004.wav,1,6,6,6,6
278,278,190460,Programs/65/65345/A65345/PM-1608/A65345-002.wav,1,35,52,47,27
279,279,190461,Programs/64/64275/A64275/PM-1003/A64275-019.wav,1,5,8,3,3
280,280,190462,Programs/65/65345/A65345/PM-1608/A65345-019.wav,1,18,17,14,11
281,281,190463,Programs/65/65346/A65346/PM-1608/A65346-003.wav,1,31,17,8,0
282,282,190464,Programs/62/62596/A62596/PM-0808/A62596-34.wav,1,9,9,4,3
283,283,190465,Programs/64/64396/A64396/PM-1408/A64396-18.wav,1,16,17,19,16
284,284,190466,Programs/64/64396/A64396/PM-1408/A64396-17.wav,1,26,26,23,13
285,285,190467,Programs/35/35790/A35790/PM-0909/A35790-07.wav,1,1,6,2,1
286,286,190468,Programs/64/64275/A64275/PM-1003/A64275-021.wav,1,5,16,13,8
287,287,190469,Programs/65/65345/A65345/PM-1608/A65345-009.wav,1,61,69,58,29
288,288,190470,Programs/64/64574/A64574/PM-1408/A64574-036.wav,1,5,6,4,2
289,289,190471,Programs/64/64574/A64574/PM-1408/A64574-003.wav,1,3,5,6,2
290,290,190472,Programs/65/65345/A65345/PM-1608/A65345-005.wav,1,22,30,32,22
291,291,190473,Programs/64/64316/A64316/PM-1401/A64316-24.wav,1,9,9,7,6
292,292,190474,Programs/66/66325/A66325/PM-2004/A66325-006.wav,1,67,67,63,41
293,293,190475,Programs/66/66325/A66325/PM-2004/A66325-007.wav,1,0,0,0,0
294,294,190476,Programs/64/64316/A64316/PM-1401/A64316-25.wav,1,10,11,10,7
295,295,190477,Programs/65/65345/A65345/PM-1608/A65345-003.wav,1,21,34,33,22
296,296,190478,Programs/74/74945/A74945/PM-1902/A74945-030.wav,1,0,4,2,1
297,297,190479,Programs/37/37762/A37762/PM-1208/A37762-33.wav,1,8,8,7,5
298,298,190480,vox_grn/Audio_MP3/66/66150/Hre Anoi 'Noh Bau Lem 027 Hunh 26 66150.mp3,1,10,10,8,5
299,299,190481,vox_grn/Audio_MP3/66/66147/Cham Vietnam Khao Onbon Siam Tamo 029 Hinh 28 66147.mp3,1,5,7,8,4
300,300,190482,Programs/64/64396/A64396/PM-1408/A64396-33.wav,1,14,14,13,12
301,301,190483,Programs/80/80638/A80638/From_CM/C80638B Region 00_00_21_269 to 00_00_39_701 (02 _ 03).wav,1,3,3,3,0
302,302,190484,Programs/80/80638/A80638/From_CM/C80638A Region 00_00_18_773 to 00_00_41_365 (02 _ 03).wav,1,5,5,3,2
303,303,190485,Programs/12/12770/A12770/From_CM/C12770B Region 00_23_26_037 to 00_23_52_079 (10 _ 11).wav,1,5,5,5,5
304,304,190486,Programs/65/65294/A65294/PM-1608/A65294-13 Pic 12 Borana Sakuye LLL8.WAV,1,13,13,13,13
305,305,190487,Programs/38/38221/A38221/PM/A38221-05.wav,1,2,2,2,0
306,306,190488,Programs/65/65294/A65294/PM-1608/A65294-12 Pic 11 Borana Sakuye LLL8.WAV,1,8,8,8,6
307,307,190489,Programs/63/63769/A63769/PM-1207/A63769-25.wav,1,1,2,1,0
308,308,190490,Programs/38/38239/A38239/PM-1208/A38239-024.wav,1,7,7,6,4
309,309,190491,Programs/00/00561/A00561/From_CM/C00561A-07.wav,1,0,0,0,0
310,310,190492,Programs/74/74986/A74986/PM-Copy-1010/A74986-37.wav,1,0,0,0,0
311,311,190493,Programs/63/63975/A63975/PM-1211/A63975-02.wav,1,0,0,0,0
312,312,190494,Programs/35/35820/A35820/PM-0909/A35820-18.wav,1,7,7,8,5
313,313,190495,Programs/65/65294/A65294/PM-1608/A65294-05 Pic 4 Borana Sakuye LLL8.WAV,1,9,9,8,8
314,314,190496,Programs/20/20470/A20470/PM-Copy-1001/A20470-02.wav,1,24,23,4,2
315,315,190497,Programs/38/38104/A38104/PM/A38104-42.wav,1,7,6,9,3
316,316,190498,Programs/63/63769/A63769/PM-1207/A63769-11.wav,1,2,0,1,0
317,317,190499,Programs/64/64324/A64324/PM-1311/A64324-20.wav,1,13,13,13,6
318,318,190500,Programs/34/34360/A34360/From_CM/C34360B Region 00_04_34_133 to 00_05_09_.wav,1,3,3,3,1
319,319,190501,Programs/65/65289/A65289/PM-1608/A65289-022.wav,1,14,14,12,7
320,320,190502,Programs/64/64316/A64316/PM-1401/A64316-37.wav,1,14,14,11,5
321,321,190503,Programs/62/62665/A62665/PM-0704/A62665-35.wav,1,16,19,14,2
322,322,190504,Programs/64/64316/A64316/PM-1401/A64316-35.wav,1,8,9,10,3
323,323,190505,Programs/65/65286/A65286/PM-1608/A65286-011.wav,1,5,5,5,4
324,324,190506,Programs/62/62665/A62665/PM-0704/A62665-32.wav,1,10,13,11,3
325,325,190507,vox_grn/Audio_MP3/66/66147/Cham Vietnam Khao Onbon Siam Tamo 015 Hinh 14 66147.mp3,1,9,10,6,3
326,326,190508,Programs/64/64573/A64573/PM-1408/A64573-040.wav,1,14,14,7,2
327,327,190509,vox_grn/Audio_MP3/66/66147/Cham Vietnam Khao Onbon Siam Tamo 034 Hinh 33 66147.mp3,1,14,13,13,4
328,328,190510,Programs/64/64316/A64316/PM-1401/A64316-38.wav,1,7,9,10,4
329,329,190511,Programs/65/65289/A65289/PM-1608/A65289-020.wav,1,16,16,17,11
330,330,190512,Programs/65/65286/A65286/PM-1608/A65286-003.wav,1,5,5,5,4
331,331,190513,Programs/62/62665/A62665/PM-0704/A62665-27.wav,1,11,13,15,6
332,332,190514,Programs/65/65292/A65292/PM-1608/A65292-06 Pic 5 Borana Sakuye LLL6.WAV,1,7,7,7,4
333,333,190515,Programs/62/62665/A62665/PM-0704/A62665-38.wav,1,15,17,8,1
334,334,190516,Programs/62/62665/A62665/PM-0704/A62665-15.wav,1,7,12,12,5
335,335,190517,Programs/71/71270/A71270/From_CM/C71270A(14).wav,1,0,7,2,0
336,336,190518,Programs/62/62665/A62665/PM-0704/A62665-17.wav,1,7,14,10,2
337,337,190519,Programs/22/22741/A22741/PM-0905/A22741-23.wav,1,2,5,5,4
338,338,190520,Programs/63/63163/A63163/PM/A-63163-12.wav,1,31,17,2,2
339,339,190521,Programs/37/37636/A37636/PM/A37636-02 Water of life.wav,1,0,0,0,0
340,340,190522,Programs/80/80527/A80527/PM-1509/A80527-007.wav,1,15,15,14,10
341,341,190523,Programs/80/80527/A80527/PM-1509/A80527-006.wav,1,19,19,17,3
342,342,190524,Programs/62/62647/A62647/PM/A62647-48.wav,1,7,6,6,2
343,343,190525,Programs/80/80104/A80104/PM/A80104-29.wav,1,15,15,15,13
344,344,190526,Programs/80/80104/A80104/PM/A80104-28.wav,1,0,0,0,0
345,345,190527,Programs/38/38104/A38104/PM/A38104-32.wav,1,2,4,1,0
346,346,190528,Programs/80/80527/A80527/PM-1509/A80527-020.wav,1,18,18,15,9
347,347,190529,Programs/80/80526/A80526/PM-1801/A80526-024.wav,1,27,27,11,3
348,348,190530,Programs/30/30471/A30471/From_CM/C30471B Region 00_17_50_208 to 00_18_35_178 (18 _ 19).wav,1,8,8,8,8
349,349,190531,Programs/64/64274/A64274/PM-1311-24bit/A64274-030.wav,1,2,6,8,2
350,350,190532,Programs/64/64274/A64274/PM-1311-24bit/A64274-032.wav,1,6,8,5,2
351,351,190533,Programs/64/64274/A64274/PM-1311-24bit/A64274-039.wav,1,7,6,8,3
352,352,190534,Programs/64/64274/A64274/PM-1311-24bit/A64274-038.wav,1,5,6,4,1
353,353,190535,Programs/64/64274/A64274/PM-1311-24bit/A64274-034.wav,1,5,9,5,1
354,354,190536,Programs/63/63887/A63887/PM-1306/A63887-04_Tjukurrpa_Kurluny-kurlunypa_Pirninya_23_13-14.wav,1,0,4,4,1
355,355,190537,Programs/80/80526/A80526/PM-1801/A80526-018.wav,1,14,14,8,3
356,356,190538,Programs/64/64274/A64274/PM-1311-24bit/A64274-040.wav,1,5,5,4,3
357,357,190539,Programs/02/02130/A02130/From_CM/C02130B Region 00_11_37_701 to 00_15_15_.wav,1,4,6,2,0
358,358,190540,Programs/30/30471/A30471/From_CM/C30471B Region 00_15_27_232 to 00_16_32_938 (16 _ 17).wav,1,12,13,13,11
359,359,190541,Programs/80/80527/A80527/PM-1509/A80527-008.wav,1,19,17,12,5
360,360,190542,Programs/80/80672/A80672/PM-0910/A80672-14.wav,1,0,0,0,0
361,361,190543,Programs/64/64287/A64287/PM-1402/A64287-37.wav,1,8,8,5,1
362,362,190544,Programs/64/64792/A64792/PM-1501/A64792-002.wav,1,8,5,7,1
363,363,190545,Programs/23/23521/A23521/From_CM/A23521-35.wav,1,7,10,10,10
364,364,190546,Programs/38/38096/A38096/PM-0000/A38096-04.wav,1,3,8,3,3
365,365,190547,Programs/80/80526/A80526/PM-1801/A80526-012.wav,1,24,24,15,6
366,366,190548,Programs/80/80527/A80527/PM-1509/A80527-022.wav,1,17,17,12,8
367,367,190549,Programs/80/80508/A80508/PM-0810/A80508-21.wav,1,15,17,15,12
368,368,190550,Programs/80/80527/A80527/PM-1509/A80527-025.wav,1,19,17,16,8
369,369,190551,Programs/80/80508/A80508/PM-0810/A80508-20.wav,1,17,17,17,12
370,370,190552,Programs/30/30471/A30471/From_CM/C30471B Region 00_08_06_357 to 00_08_51_925 (08 _ 09).wav,1,8,8,9,4
371,371,190553,Programs/30/30471/A30471/From_CM/C30471B Region 00_08_51_925 to 00_09_39_029 (09 _ 10).wav,1,7,9,9,7
372,372,190554,Programs/63/63219/A63219/PM-1006/A63219-19-AMARASI-Markus_4_1.wav,1,0,0,0,0
373,373,190555,Programs/80/80527/A80527/PM-1509/A80527-018.wav,1,11,11,7,2
374,374,190556,Programs/23/23521/A23521/From_CM/A23521-37.wav,1,9,9,8,7
375,375,190557,Programs/80/80672/A80672/PM-0910/A80672-12.wav,1,0,0,0,0
376,376,190558,Programs/63/63873/A63873/PM-1311/A63873-014.wav,1,9,11,7,3
377,377,190559,Programs/63/63885/A63885/PM-1306/A63885-08_Maakaku_Tjukurrpa_8_22-26.wav,1,0,6,5,0
378,378,190560,Programs/64/64287/A64287/PM-1402/A64287-30.wav,1,10,9,5,1
379,379,190561,Programs/64/64274/A64274/PM-1311-24bit/A64274-021.wav,1,3,4,2,0
380,380,190562,Programs/80/80526/A80526/PM-1801/A80526-013.wav,1,20,19,15,3
381,381,190563,Programs/80/80527/A80527/PM-1509/A80527-010.wav,1,18,18,10,3
382,382,190564,Programs/64/64274/A64274/PM-1311-24bit/A64274-023.wav,1,3,5,3,0
383,383,190565,Programs/64/64289/A64289/PM-1402/A64289-09.wav,1,3,7,6,3
384,384,190566,Programs/34/34431/A34431/PM-1203/A34431-014.wav,1,7,9,10,5
385,385,190567,Programs/64/64274/A64274/PM-1311-24bit/A64274-014.wav,1,2,4,3,2
386,386,190568,Programs/64/64274/A64274/PM-1311-24bit/A64274-015.wav,1,2,3,5,1
387,387,190569,Programs/64/64274/A64274/PM-1311-24bit/A64274-016.wav,1,3,7,7,0
388,388,190570,Programs/34/34440/A34440/From_CM/C34440A Region 00_17_44_021 to 00_20_17_.wav,1,0,0,0,0
389,389,190571,Programs/64/64244/A64244/PM-1407/A64244-016.wav,1,10,14,11,4
390,390,190572,Programs/34/34440/A34440/From_CM/C34440A Region 00_20_17_962 to 00_22_21_.wav,1,0,0,0,0
391,391,190573,Programs/63/63873/A63873/PM-1311/A63873-006.wav,1,14,14,7,4
392,392,190574,Programs/64/64274/A64274/PM-1311-24bit/A64274-018.wav,1,6,9,7,2
393,393,190575,Programs/64/64274/A64274/PM-1311-24bit/A64274-020.wav,1,4,6,3,1
394,394,190576,Programs/34/34431/A34431/PM-1203/A34431-010.wav,1,4,7,9,4
395,395,190577,Programs/34/34431/A34431/PM-1203/A34431-009.wav,1,4,8,7,3
396,396,190578,Programs/63/63873/A63873/PM-1311/A63873-005.wav,1,11,13,9,2
397,397,190579,Programs/80/80527/A80527/PM-1509/A80527-015.wav,1,22,22,20,11
398,398,190580,Programs/80/80527/A80527/PM-1509/A80527-014.wav,1,16,14,4,0
399,399,190581,Programs/63/63219/A63219/PM-1006/A63219-13-AMARASI-Markus_2_23.wav,1,3,0,1,0
400,400,190582,Programs/64/64274/A64274/PM-1311-24bit/A64274-013.wav,1,4,7,7,1
401,401,190583,Programs/63/63873/A63873/PM-1311/A63873-009.wav,1,16,16,11,5
402,402,190584,Programs/64/64274/A64274/PM-1311-24bit/A64274-010.wav,1,2,5,5,1
403,403,190585,Programs/64/64289/A64289/PM-1402/A64289-06.wav,1,6,14,12,5
404,404,190586,Programs/80/80527/A80527/PM-1509/A80527-012.wav,1,26,26,26,15
405,405,190587,Programs/64/64274/A64274/PM-1311-24bit/A64274-004.wav,1,6,10,4,3
406,406,190588,Programs/63/63887/A63887/PM-1306/A63887-03_Tjukurrpa_Kurluny-kurlunypa_Pirninya_19_14.wav,1,0,6,3,1
407,407,190589,Programs/64/64287/A64287/PM-1402/A64287-40.wav,1,8,8,8,6
408,408,190590,Programs/02/02130/A02130/From_CM/C02130B Region 00_00_00_000 to 00_03_27_.wav,1,13,18,7,2
409,409,190591,Programs/64/64274/A64274/PM-1311-24bit/A64274-008.wav,1,3,0,1,1
410,410,190592,Programs/64/64289/A64289/PM-1402/A64289-04.wav,1,7,15,8,4
411,411,190593,Programs/63/63617/A63617/PM-1107/A63617-06.wav,1,0,0,0,0
412,412,190594,Programs/63/63617/A63617/PM-1107/A63617-02.wav,1,0,0,0,0
413,413,190595,Programs/74/74826/A74826/PM-0905/A74826-29.wav,1,3,5,3,1
414,414,190596,Programs/63/63219/A63219/PM-1006/A63219-23-AMARASI-Markus_4_26.wav,1,0,1,0,0
415,415,190597,Programs/63/63887/A63887/PM-1306/A63887-01_Tjukurrpa_Kurluny-kurlunypa_Pirninya_1_1.wav,1,0,2,1,0
416,416,190598,Programs/31/31930/A31930/From_CM_au/C31930B Region 00_12_10_453 to 00_13_40.wav,1,22,22,18,14
417,417,190599,Programs/74/74826/A74826/PM-0905/A74826-66.wav,1,2,2,3,2
418,418,190600,Programs/64/64289/A64289/PM-1402/A64289-07.wav,1,7,11,7,3
419,419,190601,Programs/64/64289/A64289/PM-1402/A64289-08.wav,1,7,9,8,6
420,420,190602,Programs/74/74673/A74673/PM-0812/A74673-25.wav,1,3,4,3,3
421,421,190603,Programs/64/64791/A64791/PM-1501/A64791-057.wav,1,7,6,1,0
422,422,190604,Programs/80/80434/A80434/PM-1702/A80434-018.wav,1,18,18,11,3
423,423,190605,Programs/80/80435/A80435/PM-1610/A80435-016.wav,1,17,17,15,15
424,424,190606,Programs/80/80526/A80526/PM-1801/A80526-008.wav,1,20,20,15,8
425,425,190607,Programs/80/80502/A80502/PM-0810/A80502-17.wav,1,16,17,15,9
426,426,190608,Programs/64/64287/A64287/PM-1402/A64287-21.wav,1,11,10,5,4
427,427,190609,Programs/64/64287/A64287/PM-1402/A64287-24.wav,1,9,8,6,5
428,428,190610,Programs/34/34431/A34431/PM-1203/A34431-026.wav,1,2,3,2,0
429,429,190611,Programs/64/64943/A64943/PM-1503/A64943-026.wav,1,12,12,13,10
430,430,190612,Programs/64/64287/A64287/PM-1402/A64287-27.wav,1,10,10,7,2
431,431,190613,Programs/80/80501/A80501/PM-0810/A80501-02.wav,1,13,14,14,11
432,432,190614,Programs/38/38098/A38098/PM-0000/A38098-03.wav,1,4,6,5,2
433,433,190615,Programs/63/63883/A63883/PM-1306/A63883-06_Luukaku_Tjukurrpa_1_57-66.wav,1,0,12,11,0
434,434,190616,Programs/64/64287/A64287/PM-1402/A64287-28.wav,1,10,10,5,4
435,435,190617,Programs/80/80217/A80217/PM-1203/A80217-018.wav,1,11,11,11,9
436,436,190618,Programs/63/63884/A63884/PM-1306/A63884-18_Maakaku_Tjukurrpa_4_10-12.wav,1,1,10,7,1
437,437,190619,Programs/35/35410/A35410/From_CM/Punjabi POJ 06.wav,1,9,9,7,3
438,438,190620,Programs/63/63874/A63874/PM-1311/A63874-014.wav,1,12,12,5,1
439,439,190621,Programs/63/63874/A63874/PM-1311/A63874-016.wav,1,15,16,5,1
440,440,190622,Programs/63/63886/A63886/PM-1306/A63886-08_Maakaku_Tjukurrpa_13_1-2.wav,1,0,4,4,0
441,441,190623,Programs/80/80415/A80415/PM-1702_revised/A80415-012.wav,1,24,27,17,4
442,442,190624,Programs/63/63872/A63872/PM-1209/A63872-024.wav,1,23,24,18,3
443,443,190625,Programs/38/38095/A38095/PM-0000/A38095-04.wav,1,5,9,4,2
444,444,190626,Programs/64/64287/A64287/PM-1402/A64287-20.wav,1,12,14,11,3
445,445,190627,Programs/38/38092/A38092/PM-0000/A38092-15.wav,1,5,6,3,0
446,446,190628,Programs/64/64943/A64943/PM-1503/A64943-034.wav,1,11,11,11,10
447,447,190629,Programs/33/33840/A33840/From_CM/C33840B Region 00_02_04_522 to 00_03_10_357 (02 _ 03).wav,1,7,11,5,3
448,448,190630,Programs/64/64943/A64943/PM-1503/A64943-036.wav,1,11,12,12,11
449,449,190631,Programs/63/63877/A63877/PM-1311/A63877-019.wav,1,21,20,11,1
450,450,190632,Programs/80/80502/A80502/PM-0810/A80502-02.wav,1,11,12,9,8
451,451,190633,Programs/63/63877/A63877/PM-1311/A63877-008.wav,1,11,11,8,2
452,452,190634,Programs/63/63211/A63211/PM-1006/A63211-02-SABU-Markus_7_14.wav,1,21,22,14,4
453,453,190635,Programs/38/38097/A38097/PM-0000/A38097-12.wav,1,5,8,4,0
454,454,190636,Programs/34/34151/A34151/PM/A34151-07.wav,1,8,6,6,4
455,455,190637,Programs/63/63877/A63877/PM-1311/A63877-005.wav,1,14,14,10,5
456,456,190638,Programs/64/64943/A64943/PM-1503/A64943-035.wav,1,9,9,9,8
457,457,190639,Programs/64/64943/A64943/PM-1503/A64943-002.wav,1,7,9,6,5
458,458,190640,Programs/80/80415/A80415/PM-1702_revised/A80415-021.wav,1,34,34,14,5
459,459,190641,Programs/80/80728/A80728/PM-1703/A80728-019.wav,1,6,11,11,11
460,460,190642,Programs/80/80502/A80502/PM-0810/A80502-09.wav,1,9,13,12,6
461,461,190643,Programs/38/38097/A38097/PM-0000/A38097-03.wav,1,4,10,4,2
462,462,190644,Programs/23/23521/A23521/From_CM/A23521-12.wav,1,10,11,10,10
463,463,190645,Programs/63/63874/A63874/PM-1311/A63874-018.wav,1,11,12,8,4
464,464,190646,Programs/80/80217/A80217/PM-1203/A80217-027.wav,1,0,0,0,0
465,465,190647,Programs/23/23521/A23521/From_CM/A23521-13.wav,1,7,8,5,4
466,466,190648,Programs/62/62647/A62647/PM/A62647-33.wav,1,8,7,8,4
467,467,190649,Programs/80/80672/A80672/PM-0910/A80672-19.wav,1,0,0,0,0
468,468,190650,Programs/38/38095/A38095/PM-0000/A38095-15.wav,1,5,7,3,0
469,469,190651,Programs/80/80436/A80436/PM-1610/A80436-026.wav,1,0,0,0,0
470,470,190652,Programs/23/23521/A23521/From_CM/A23521-06.wav,1,9,10,9,7
471,471,190653,Programs/80/80415/A80415/PM-1702_revised/A80415-008.wav,1,32,33,15,3
472,472,190654,Programs/80/80415/A80415/PM-1702_revised/A80415-007.wav,1,26,26,15,2
473,473,190655,Programs/80/80435/A80435/PM-1610/A80435-017.wav,1,10,11,10,9
474,474,190656,Programs/38/38095/A38095/PM-0000/A38095-12.wav,1,1,4,4,4
475,475,190657,Programs/65/65683/A65683/PM-1712/A65683-001.wav,1,1,1,1,0
476,476,190658,Programs/63/63885/A63885/PM-1306/A63885-06_Maakaku_Tjukurrpa_8_11-13.wav,1,0,3,5,2
477,477,190659,Programs/80/80217/A80217/PM-1203/A80217-008.wav,1,14,14,14,8
478,478,190660,Programs/62/62851/A62851/MM-0806/A62851-03.wav,1,14,17,13,9
479,479,190661,Programs/80/80669/A80669/PM-0910/A80669-06.wav,1,5,6,6,2
480,480,190662,Programs/74/74673/A74673/PM-0812/A74673-35.wav,1,4,5,3,4
481,481,190663,Programs/23/23521/A23521/From_CM/A23521-30.wav,1,7,8,8,6
482,482,190664,Programs/23/23521/A23521/From_CM/A23521-31.wav,1,8,9,10,9
483,483,190665,Programs/38/38098/A38098/PM-0000/A38098-08.wav,1,1,4,0,0
484,484,190666,Programs/80/80436/A80436/PM-1610/A80436-016.wav,1,18,19,17,14
485,485,190667,Programs/80/80436/A80436/PM-1610/A80436-022.wav,1,22,22,19,15
486,486,190668,Programs/34/34740/A34740/From_CM/C34740A Region 00_00_00_000 to 00_00_27_477 (01 _ 02).wav,1,5,5,6,4
487,487,190669,Programs/80/80217/A80217/PM-1203/A80217-029.wav,1,0,0,0,0
488,488,190670,Programs/38/38098/A38098/PM-0000/A38098-11.wav,1,4,7,4,0
489,489,190671,Programs/06/06430/A06430/MM/A06430-05.wav,1,2,5,1,0
490,490,190672,Programs/80/80672/A80672/PM-0910/A80672-27.wav,1,0,0,0,0
491,491,190673,Programs/34/34740/A34740/From_CM/C34740A Region 00_00_27_477 to 00_01_00_927 (02 _ 03).wav,1,6,6,6,3
492,492,190674,Programs/63/63874/A63874/PM-1311/A63874-020.wav,1,15,14,13,1
493,493,190675,Programs/80/80728/A80728/PM-1703/A80728-028.wav,1,11,12,10,10
494,494,190676,Programs/23/23521/A23521/From_CM/A23521-02.wav,1,6,6,6,5
495,495,190677,Programs/80/80432/A80432/PM-1609/A80432-020.wav,1,13,12,13,12
496,496,190678,Programs/80/80728/A80728/PM-1703/A80728-027.wav,1,6,9,8,8
497,497,190679,Programs/80/80508/A80508/PM-0810/A80508-09.wav,1,10,14,12,8
498,498,190680,Programs/80/80508/A80508/PM-0810/A80508-07.wav,1,16,17,14,13
499,499,190681,Programs/63/63874/A63874/PM-1311/A63874-022.wav,1,15,16,11,5
500,500,190682,Programs/38/38084/A38084/PM-0000/A38084-11.wav,1,3,6,6,2
501,501,190683,Programs/80/80508/A80508/PM-0810/A80508-02.wav,1,10,12,12,9
502,502,190684,Programs/23/23521/A23521/From_CM/A23521-05.wav,1,4,5,6,4
503,503,190685,Programs/64/64245/A64245/PM-1407/A64245-003.wav,1,17,18,17,8
504,504,190686,Programs/63/63873/A63873/PM-1311/A63873-003.wav,1,12,12,6,2
505,505,190687,Programs/30/30221/A30221/From_CM/C30221B Region 00_23_40_373 to 00_26_47_509 (08 _ 09).wav,1,2,3,0,0
506,506,190688,Programs/05/05500/A05500/From_CM/C05500A Region 00_03_54_410 to 00_06_53_525 (03 _ 04).wav,1,0,0,0,0
507,507,190689,Programs/38/38088/A38088/PM-0000/A38088-08.wav,1,1,6,0,0
508,508,190690,Programs/62/62793/A62793/PM-0905/A62793-29.wav,1,8,8,9,6
509,509,190691,Programs/74/74673/A74673/PM-0812/A74673-15.wav,1,5,5,5,3
510,510,190692,Programs/05/05500/A05500/From_CM/C05500A Region 00_06_53_525 to 00_08_58_879 (04 _ 05).wav,1,1,0,0,0
511,511,190693,Programs/65/65832/A65832/PM-1904/A65832-011.wav,1,10,10,10,9
512,512,190694,Programs/38/38088/A38088/PM-0000/A38088-03.wav,1,6,10,3,1
513,513,190695,Programs/38/38087/A38087/PM-0000/A38087-17.wav,1,1,2,0,0
514,514,190696,Programs/64/64291/A64291/PM-1402/A64291-09.wav,1,7,9,8,1
515,515,190697,Programs/62/62686/A62686/PM-1304/A62686-002.wav,1,4,5,6,3
516,516,190698,Programs/34/34431/A34431/PM-1203/A34431-034.wav,1,8,9,7,4
517,517,190699,Programs/17/17101/A17101/From_CM/C17101A Region 00_00_49_493 to 00_01_08_522 (02 _ 03).wav,1,1,3,2,1
518,518,190700,Programs/05/05500/A05500/From_CM/C05500A Region 00_18_37_461 to 00_20_39_914 (10 _ 11).wav,1,0,0,0,0
519,519,190701,Programs/63/63901/A63901/PM-1207/A63901-04.wav,1,6,6,4,3
520,520,190702,Programs/38/38100/A38100/PM-0000/A3810010.wav,1,7,10,4,2
521,521,190703,Programs/74/74673/A74673/PM-0812/A74673-14.wav,1,6,6,6,3
522,522,190704,Programs/75/75299/A75299/PM/A75299-02.wav,1,1,4,2,0
523,523,190705,Programs/63/63876/A63876/PM-1311/A63876-015.wav,1,12,13,9,4
524,524,190706,Programs/38/38088/A38088/PM-0000/A38088-12.wav,1,6,8,3,2
525,525,190707,Programs/05/05500/A05500/From_CM/C05500A Region 00_00_00_000 to 00_00_43_903 (01 _ 02).wav,1,0,0,0,0
526,526,190708,Programs/63/63219/A63219/PM-1006/A63219-08-AMARASI-Markus_1_35.wav,1,2,5,0,0
527,527,190709,Programs/80/80107/A80107/PM-0805/A80107-14.wav,1,5,10,8,5
528,528,190710,Programs/80/80107/A80107/PM-0805/A80107-04.wav,1,8,8,9,7
529,529,190711,Programs/63/63875/A63875/PM-1311/A63875-019.wav,1,17,17,8,1
530,530,190712,Programs/63/63875/A63875/PM-1311/A63875-020.wav,1,17,19,15,8
531,531,190713,Programs/80/80107/A80107/PM-0805/A80107-05.wav,1,7,12,10,6
532,532,190714,Programs/64/64443/A64443/PM-1409/A64443-04.wav,1,9,9,9,8
533,533,190715,Programs/80/80504/A80504/PM-0810/A80504-03.wav,1,7,17,15,9
534,534,190716,Programs/65/65823/A65823/PM-1805/A65823-014.wav,1,0,2,0,0
535,535,190717,Programs/05/05501/A05501/From_CM/C05501B Region 00_22_05_914 to 00_24_40_362 (10 _ 11).wav,1,0,0,0,0
536,536,190718,Programs/65/65823/A65823/PM-1805/A65823-001.wav,1,8,7,8,8
537,537,190719,Programs/80/80107/A80107/PM-0805/A80107-10.wav,1,4,11,15,9
538,538,190720,Programs/38/38049/A38049/PM-1003/A38049-01.wav,1,20,15,15,8
539,539,190721,Programs/21/21150/A21150/PM-Copy-0911/A21150-03.wav,1,1,4,3,0
540,540,190722,Programs/84/84129/A84129/PM-0810/A84129-41.wav,1,0,0,0,0
541,541,190723,Programs/33/33391/A33391/PM-1207/A33391-027.wav,1,11,12,12,8
542,542,190724,Programs/05/05500/A05500/From_CM/C05500A Region 00_20_39_914 to 00_21_37_621 (11 _ 12).wav,1,0,0,0,0
543,543,190725,Programs/05/05501/A05501/From_CM/C05501A Region 00_07_27_573 to 00_11_13_819 (04 _ 05).wav,1,0,0,0,0
544,544,190726,Programs/21/21150/A21150/PM-Copy-0911/A21150-02.wav,1,1,3,3,2
545,545,190727,Programs/63/63161/A63161/PM-0911/A63161-39.wav,1,6,6,7,5
546,546,190728,Programs/34/34440/A34440/From_CM/C34440A Region 00_24_21_760 to 00_26_39_.wav,1,0,0,0,0
547,547,190729,Programs/38/38177/A38177/PM/A38177-34.wav,1,3,3,6,3
548,548,190730,Programs/32/32930/A32930/PM-1708/A32930-004.wav,1,7,24,7,1
549,549,190731,Programs/74/74673/A74673/PM-0812/A74673-11.wav,1,4,4,4,3
550,550,190732,Programs/34/34441/A34441/From_CM/C34441A Region 00_00_00_000 to 00_00_29_.wav,1,4,4,3,3
551,551,190733,Programs/64/64291/A64291/PM-1402/A64291-28.wav,1,9,9,8,3
552,552,190734,Programs/64/64291/A64291/PM-1402/A64291-29.wav,1,9,10,11,7
553,553,190735,Programs/62/62055/A62055/PM/62055-09.wav,1,0,1,1,0
554,554,190736,Programs/62/62054/A62054/PM/62054-03.wav,1,3,2,0,0
555,555,190737,Programs/74/74673/A74673/PM-0812/A74673-07.wav,1,4,4,4,0
556,556,190738,Programs/23/23520/A23520/PM-1709/A23520-006.wav,1,6,6,7,6
557,557,190739,Programs/31/31870/A31870/From_CM/C31870A Region 00_08_03_093 to 00_09_48_191 (03 _ 04).wav,1,0,0,0,0
558,558,190740,Programs/31/31870/A31870/From_CM/C31870A Region 00_00_00_000 to 00_03_46_399 (01 _ 02).wav,1,0,0,0,0
559,559,190741,Programs/63/63876/A63876/PM-1311/A63876-023.wav,1,21,22,14,3
560,560,190742,Programs/80/80506/A80506/PM-1610/A80506-22.wav,1,14,17,15,12
561,561,190743,Programs/23/23520/A23520/PM-1709/A23520-015.wav,1,7,7,8,4
562,562,190744,Programs/23/23520/A23520/PM-1709/A23520-014.wav,1,8,8,8,5
563,563,190745,Programs/80/80506/A80506/PM-1610/A80506-24.wav,1,9,12,11,10
564,564,190746,Programs/38/38208/A38208/PM-1008-2/A38208-03.wav,1,8,0,0,0
565,565,190747,Programs/38/38209/A38209/PM-1701/A38209-009.wav,1,9,9,4,1
566,566,190748,Programs/23/23520/A23520/PM-1709/A23520-021.wav,1,14,15,15,9
567,567,190749,Programs/23/23520/A23520/PM-1709/A23520-001.wav,1,3,3,3,3
568,568,190750,Programs/05/05500/A05500/From_CM/C05500A Region 00_21_37_621 to 00_21_52_127 (12 _ 13).wav,1,3,3,2,2
569,569,190751,Programs/05/05500/A05500/From_CM/C05500A Region 00_24_23_296 to 00_25_50_933 (15 _ 16).wav,1,0,0,0,0
570,570,190752,Programs/80/80909/A80909/PM-1605/A80909-027.wav,1,3,4,6,3
571,571,190753,Programs/74/74673/A74673/PM-0812/A74673-02.wav,1,4,5,5,4
572,572,190754,Programs/63/63221/A63221/PM-1006/A63221-07-AMARASI-Markus_12_41.wav,1,1,0,0,0
573,573,190755,Programs/63/63221/A63221/PM-1006/A63221-13-AMARASI-Markus_13_32.wav,1,2,0,1,0
574,574,190756,Programs/05/05500/A05500/From_CM/C05500A Region 00_21_52_128 to 00_23_58_037 (13 _ 14).wav,1,0,0,0,0
575,575,190757,Programs/74/74673/A74673/PM-0812/A74673-06.wav,1,6,6,4,1
576,576,190758,Programs/38/38209/A38209/PM-1701/A38209-002.wav,1,6,5,5,1
577,577,190759,Programs/64/64291/A64291/PM-1402/A64291-39.wav,1,12,14,10,4
578,578,190760,Programs/23/23520/A23520/PM-1709/A23520-032.wav,1,8,9,10,7
579,579,190761,Programs/05/05500/A05500/From_CM/C05500B Region 00_00_00_000 to 00_02_29_247 (01 _ 02).wav,1,0,0,0,0
580,580,190762,Programs/63/63876/A63876/PM-1311/A63876-021.wav,1,14,14,7,2
581,581,190763,Programs/38/38209/A38209/PM-1701/A38209-005.wav,1,6,7,3,0
582,582,190764,Programs/64/64291/A64291/PM-1402/A64291-27.wav,1,8,10,9,4
583,583,190765,Programs/23/23520/A23520/PM-1709/A23520-027.wav,1,6,6,6,4
584,584,190766,Programs/23/23520/A23520/PM-1709/A23520-025.wav,1,12,12,12,8
585,585,190767,Programs/23/23520/A23520/PM-1709/A23520-030.wav,1,4,5,6,3
586,586,190768,Programs/80/80504/A80504/PM-0810/A80504-04.wav,1,16,17,17,13
587,587,190769,Programs/38/38089/A38089/PM-0000/A38089-11.wav,1,0,3,1,0
588,588,190770,Programs/64/64443/A64443/PM-1409/A64443-02.wav,1,9,9,9,8
589,589,190771,Programs/33/33391/A33391/PM-1207/A33391-034.wav,1,7,6,2,0
590,590,190772,Programs/64/64652/A64652/PM-1014/A64652-006.wav,1,5,5,6,4
591,591,190773,Programs/02/02961/A02961/From_CM-2/A02961-03.wav,1,2,3,3,1
592,592,190774,Programs/74/74826/A74826/PM-0905/A74826-41.wav,1,4,4,4,3
593,593,190775,Programs/64/64502/A64502/PM-1407/A64502-031.wav,1,6,7,4,2
594,594,190776,Programs/74/74826/A74826/PM-0905/A74826-13.wav,1,1,0,2,2
595,595,190777,Programs/74/74826/A74826/PM-0905/A74826-12.wav,1,2,2,2,0
596,596,190778,Programs/62/62171/A62171/PM/A62171-03.wav,1,1,5,4,1
597,597,190779,Programs/64/64502/A64502/PM-1407/A64502-008.wav,1,5,9,4,0
598,598,190780,Programs/64/64502/A64502/PM-1407/A64502-015.wav,1,4,5,9,2
599,599,190781,Programs/64/64502/A64502/PM-1407/A64502-014.wav,1,7,12,17,3
600,600,190782,Programs/64/64502/A64502/PM-1407/A64502-003.wav,1,8,8,5,3
601,601,190783,Programs/64/64502/A64502/PM-1407/A64502-009.wav,1,7,2,9,2
602,602,190784,Programs/38/38086/A38086/PM-0000/A38086-12.wav,1,3,4,0,0
603,603,190785,Programs/04/04061/A04061/MM/A04061-05.wav,1,1,3,0,0
604,604,190786,Programs/62/62793/A62793/PM-0905/A62793-27.wav,1,7,7,7,5
605,605,190787,Programs/04/04390/A04390/MM/A04390-05.wav,1,6,1,0,0
606,606,190788,Programs/21/21150/A21150/PM-Copy-0911/A21150-27.wav,1,2,5,5,2
607,607,190789,Programs/23/23521/A23521/From_CM/A23521-17.wav,1,9,9,10,8
608,608,190790,Programs/80/80503/A80503/PM-1610/A80503-18.wav,1,10,14,10,8
609,609,190791,Programs/80/80102/A80102/PM-0803/A80102-18.wav,1,11,12,11,9
610,610,190792,Programs/38/38087/A38087/PM-0000/A38087-16.wav,1,11,8,13,4
611,611,190793,Programs/63/63219/A63219/PM-1006/A63219-06-AMARASI-Markus_1_21.wav,1,0,0,0,0
612,612,190794,Programs/30/30221/A30221/From_CM/C30221B Region 00_10_37_696 to 00_12_49_706 (04 _ 05).wav,1,0,0,2,0
613,613,190795,Programs/80/80104/A80104/PM/A80104-22.wav,1,10,12,13,11
614,614,190796,Programs/62/62850/A62850/PM-1304/A62850-003.wav,1,17,20,9,6
615,615,190797,Programs/63/63617/A63617/PM-1107/A63617-08.wav,1,0,0,0,0
616,616,190798,Programs/62/62171/A62171/PM/A62171-32.wav,1,1,5,4,1
617,617,190799,Programs/63/63873/A63873/PM-1311/A63873-002.wav,1,13,13,11,3
618,618,190800,Programs/63/63384/A63384/PM-1008/A63384-02.wav,1,0,0,0,0
619,619,190801,Programs/64/64502/A64502/PM-1407/A64502-042.wav,1,2,9,12,9
620,620,190802,Programs/21/21150/A21150/PM-Copy-0911/A21150-11.wav,1,4,8,7,4
621,621,190803,Programs/64/64245/A64245/PM-1407/A64245-002.wav,1,15,16,15,9
622,622,190804,Programs/80/80672/A80672/PM-0910/A80672-20.wav,1,0,0,0,0
623,623,190805,Programs/84/84129/A84129/PM-0810/A84129-03.wav,1,5,5,6,3
624,624,190806,Programs/64/64502/A64502/PM-1407/A64502-025.wav,1,4,6,4,0
625,625,190807,Programs/64/64289/A64289/PM-1402/A64289-17.wav,1,5,5,6,3
626,626,190808,Programs/21/21150/A21150/PM-Copy-0911/A21150-15.wav,1,0,4,3,1
627,627,190809,Programs/64/64287/A64287/PM-1402/A64287-34.wav,1,11,9,7,5
628,628,190810,Programs/33/33391/A33391/PM-1207/A33391-031.wav,1,16,16,17,15
629,629,190811,Programs/64/64443/A64443/PM-1409/A64443-36.wav,1,6,10,11,8
630,630,190812,Programs/63/63888/A63888/PM-1306/A63888-01_Tjukurrpa_Tannyulngatjarra_3_1-7.wav,1,0,7,8,1
631,631,190813,Programs/63/63875/A63875/PM-1311/A63875-023.wav,1,14,15,12,5
632,632,190814,Programs/84/84129/A84129/PM-0810/A84129-27.wav,1,7,6,5,3
633,633,190815,Programs/80/80504/A80504/PM-0810/A80504-07.wav,1,13,17,17,15
634,634,190816,Programs/38/38092/A38092/PM-0000/A38092-04.wav,1,5,8,2,1
635,635,190817,Programs/80/80107/A80107/PM-0805/A80107-31.wav,1,6,9,8,6
636,636,190818,Programs/38/38104/A38104/PM/A38104-34.wav,1,6,7,2,1
637,637,190819,Programs/38/38089/A38089/PM-0000/A38089-12.wav,1,7,9,4,1
638,638,190820,Programs/63/63875/A63875/PM-1311/A63875-024.wav,1,20,19,13,4
639,639,190821,Programs/27/27310/A27310/PM-Copy/A27310-12.wav,1,4,0,0,0
640,640,190822,Programs/38/38089/A38089/PM-0000/A38089-08.wav,1,0,0,2,0
641,641,190823,Programs/21/21150/A21150/PM-Copy-0911/A21150-37.wav,1,5,5,6,0
642,642,190824,Programs/27/27310/A27310/PM-Copy/A27310-22.wav,1,4,2,2,1
643,643,190825,Programs/80/80504/A80504/PM-0810/A80504-06.wav,1,16,16,13,13
644,644,190826,Programs/80/80504/A80504/PM-0810/A80504-05.wav,1,17,19,16,12
645,645,190827,Programs/27/27310/A27310/PM-Copy/A27310-13.wav,1,8,5,1,1
646,646,190828,Programs/27/27310/A27310/PM-Copy/A27310-20.wav,1,0,0,0,0
647,647,190829,Programs/05/05500/A05500/From_CM/C05500B Region 00_20_47_488 to 00_22_49_546 (12 _ 13).wav,1,0,0,0,0
648,648,190830,Programs/27/27310/A27310/PM-Copy/A27310-06.wav,1,14,10,6,1
649,649,190831,Programs/80/80107/A80107/PM-0805/A80107-20.wav,1,13,13,13,11
650,650,190832,Programs/33/33391/A33391/PM-1207/A33391-005.wav,1,6,6,5,5
651,651,190833,Programs/62/62171/A62171/PM/A62171-27.wav,1,3,4,2,0
652,652,190834,Programs/21/21150/A21150/PM-Copy-0911/A21150-29.wav,1,1,6,7,2
653,653,190835,Programs/62/62171/A62171/PM/A62171-11.wav,1,4,5,5,2
654,654,190836,Programs/62/62949/A62949/PM-1307/A62949-13.wav,1,0,0,0,0
655,655,190837,Programs/38/38087/A38087/PM-0000/A38087-04.wav,1,4,10,5,1
656,656,190838,Programs/80/80504/A80504/PM-0810/A80504-24.wav,1,12,14,17,11
657,657,190839,Programs/62/62171/A62171/PM/A62171-14.wav,1,2,5,1,0
658,658,190840,Programs/62/62171/A62171/PM/A62171-16.wav,1,8,8,7,3
659,659,190841,Programs/62/62171/A62171/PM/A62171-26.wav,1,1,3,2,1
660,660,190842,Programs/38/38086/A38086/PM-0000/A38086-04.wav,1,5,6,5,2
661,661,190843,Programs/38/38086/A38086/PM-0000/A38086-08.wav,1,2,3,1,0
662,662,190844,Programs/21/21150/A21150/PM-Copy-0911/A21150-34.wav,1,5,5,5,0
663,663,190845,Programs/80/80504/A80504/PM-0810/A80504-22.wav,1,18,24,18,14
664,664,190846,Programs/63/63883/A63883/PM-1306/A63883-01_Luukaku_Tjukurrpa_1_1-4.wav,1,0,3,2,1
665,665,190847,Programs/62/62171/A62171/PM/A62171-17.wav,1,4,5,3,2
666,666,190848,Programs/62/62171/A62171/PM/A62171-30.wav,1,2,3,2,0
667,667,190849,Programs/63/63876/A63876/PM-1311/A63876-005.wav,1,16,15,13,5
668,668,190850,Programs/38/38093/A38093/PM-0000/A38093-03.wav,1,7,7,3,2
669,669,190851,Programs/38/38093/A38093/PM-0000/A38093-08.wav,1,1,4,2,1
670,670,190852,Programs/37/37994/A37994/PM_au/A37994-19.WAV,1,7,15,7,1
671,671,190853,Programs/17/17170/A17170/PM-1304/A17170-034.wav,1,4,4,2,1
672,672,190854,Programs/62/62906/A62906/PM/62906-20.wav,1,50,54,49,3
673,673,190855,Programs/33/33351/A33351/PM-1112/A33351-009.wav,1,12,13,13,10
674,674,190856,Programs/00/00061/A00061/From_CM/C00061B Region 00_03_25_397 to 00_03_58_970 (02 _ 03).wav,1,0,0,0,0
675,675,190857,Programs/35/35430/A35430/PM-1711/A35430-004.wav,1,5,4,4,1
676,676,190858,Programs/63/63349/A63349/PM-1008/A63349-21.wav,1,12,11,12,10
677,677,190859,Programs/33/33351/A33351/PM-1112/A33351-008.wav,1,13,13,12,10
678,678,190860,Programs/62/62805/A62805/PM-1302/A62805-005.wav,1,9,9,4,0
679,679,190861,Programs/35/35430/A35430/PM-1711/A35430-001.wav,1,5,5,4,3
680,680,190862,Programs/80/80515/A80515/PM-0906/A80515-48.wav,1,0,0,0,0
681,681,190863,Programs/25/25390/A25390/PM-Clone-1205/A25390-006.wav,1,14,6,10,5
682,682,190864,Programs/27/27080/A27080/PM-1101/A27080-29.wav,1,3,3,3,1
683,683,190865,Programs/33/33811/A33811/MM/A33811-15.wav,1,11,11,10,9
684,684,190866,Programs/62/62805/A62805/PM-1302/A62805-002.wav,1,5,3,2,1
685,685,190867,Programs/64/64289/A64289/PM-1402/A64289-37.wav,1,10,9,10,5
686,686,190868,Programs/85/85306/A85306/From_CM/C85306(33).wav,1,4,8,5,4
687,687,190869,Programs/33/33361/A33361/From_CM/C33361A Region 00_00_00_000 to 00_00_17_237 (01 _ 02).wav,1,2,3,2,2
688,688,190870,Programs/62/62805/A62805/PM-1302/A62805-037.wav,1,14,13,9,2
689,689,190871,Programs/17/17170/A17170/PM-1304/A17170-037.wav,1,7,7,7,2
690,690,190872,Programs/33/33811/A33811/MM/A33811-11.wav,1,14,14,13,11
691,691,190873,Programs/33/33880/A33880/PM/A33880-10.wav,1,3,3,2,0
692,692,190874,Programs/80/80900/A80900/PM-1104/A80900-023.wav,1,6,5,5,3
693,693,190875,Programs/33/33760/A33760/PM-1910/A33760-006.wav,1,17,19,19,7
694,694,190876,Programs/80/80905/A80905/PM-1105/A80905-022.wav,1,14,17,12,8
695,695,190877,Programs/63/63359/A63359/PM-1008/A63359-27.wav,1,2,4,4,4
696,696,190878,Programs/64/64289/A64289/PM-1402/A64289-40.wav,1,9,9,6,6
697,697,190879,Programs/80/80905/A80905/PM-1105/A80905-021.wav,1,12,17,13,7
698,698,190880,Programs/79/79194/A79194/PM-1909/A79194-018.wav,1,12,13,12,9
699,699,190881,Programs/79/79194/A79194/PM-1909/A79194-017.wav,1,12,11,14,8
700,700,190882,Programs/80/80905/A80905/PM-1105/A80905-020.wav,1,19,20,18,13
701,701,190883,Programs/38/38253/A38253/PM-1701/A38253-030.wav,1,5,6,0,0
702,702,190884,Programs/33/33760/A33760/PM-1910/A33760-004.wav,1,19,19,19,9
703,703,190885,Programs/38/38253/A38253/PM-1701/A38253-027.wav,1,2,6,6,1
704,704,190886,Programs/38/38253/A38253/PM-1701/A38253-023.wav,1,2,4,4,1
705,705,190887,Programs/80/80905/A80905/PM-1105/A80905-019.wav,1,12,13,9,6
706,706,190888,Programs/37/37785/A37785/PM-1603/A37785-033.wav,1,20,21,20,18
707,707,190889,Programs/33/33760/A33760/PM-1910/A33760-030.wav,1,8,8,8,8
708,708,190890,Programs/80/80905/A80905/PM-1105/A80905-016.wav,1,17,18,17,13
709,709,190891,Programs/29/29260/A29260/MM/A29260-04.wav,1,0,0,0,0
710,710,190892,Programs/22/22741/A22741/PM-0905/A22741-05.wav,1,4,7,5,2
711,711,190893,Programs/62/62908/A62908/PM0808/A62908-03.wav,1,7,6,6,2
712,712,190894,Programs/63/63210/A63210/PM-1006/A63210-20-SABU-Markus_4_1.wav,1,17,20,21,2
713,713,190895,Programs/62/62805/A62805/PM-1302/A62805-035.wav,1,13,13,12,2
714,714,190896,Programs/02/02740/A02740/PM-0905/A02740-22.wav,1,17,17,14,8
715,715,190897,Programs/33/33821/A33821/MM/A33821-09.wav,1,15,15,15,9
716,716,190898,Programs/64/64433/A64433/PM-1403-MM/A64433-017.wav,1,0,3,4,0
717,717,190899,Programs/33/33821/A33821/MM/A33821-11.wav,1,4,9,6,2
718,718,190900,Programs/31/31391/A31391/From_CM/C31391B Region 00_04_38_400 to 00_06_00_458 (03 _ 04).wav,1,4,11,6,2
719,719,190901,Programs/64/64433/A64433/PM-1403-MM/A64433-019.wav,1,0,5,5,0
720,720,190902,Programs/64/64791/A64791/PM-1501/A64791-032.wav,1,8,8,4,1
721,721,190903,Programs/33/33361/A33361/From_CM/C33361B Region 00_22_02_112 to 00_23_42_378 (13 _ 14).wav,1,23,23,25,19
722,722,190904,Programs/63/63212/A63212/PM-1006/A63212-30-SABU-Markus_16_1.wav,1,25,23,17,4
723,723,190905,Programs/31/31391/A31391/From_CM/C31391B Region 00_14_36_778 to 00_15_59_071 (08 _ 09).wav,1,3,12,7,1
724,724,190906,Programs/31/31590/A31590/PM-Clone-1208/A31590-021.wav,1,5,5,5,4
725,725,190907,Programs/31/31391/A31391/From_CM/C31391B Region 00_15_59_072 to 00_17_14_922 (09 _ 10).wav,1,15,15,9,4
726,726,190908,Programs/31/31590/A31590/PM-Clone-1208/A31590-022.wav,1,4,4,5,3
727,727,190909,Programs/62/62805/A62805/PM-1302/A62805-015.wav,1,10,10,10,1
728,728,190910,Programs/64/64433/A64433/PM-1403-MM/A64433-040.wav,1,0,5,6,2
729,729,190911,Programs/33/33361/A33361/From_CM/C33361B Region 00_15_24_885 to 00_16_29_055 (09 _ 10).wav,1,14,14,14,10
730,730,190912,Programs/64/64433/A64433/PM-1403-MM/A64433-034.wav,1,0,4,5,0
731,731,190913,Programs/64/64433/A64433/PM-1403-MM/A64433-007.wav,1,0,5,3,0
732,732,190914,Programs/33/33821/A33821/MM/A33821-02.wav,1,5,7,5,3
733,733,190915,Programs/80/80905/A80905/PM-1105/A80905-009.wav,1,17,19,18,8
734,734,190916,Programs/63/63219/A63219/PM-1006/A63219-33-AMARASI-Markus_6_53.wav,1,0,0,0,0
735,735,190917,Programs/63/63210/A63210/PM-1006/A63210-19-SABU-Markus_3_31.wav,1,11,12,5,0
736,736,190918,Programs/35/35060/A35060/PM-1909/A35060-001.wav,1,4,4,1,0
737,737,190919,Programs/63/63210/A63210/PM-1006/A63210-24-SABU-Markus_4_26.wav,1,8,8,7,1
738,738,190920,Programs/62/62906/A62906/PM/62906-17.wav,1,0,0,0,0
739,739,190921,Programs/33/33800/A33800/MM/A33800-41.wav,1,5,5,5,4
740,740,190922,Programs/62/62553/A62553/PM/A62553-30.wav,1,14,15,16,8
741,741,190923,Programs/85/85306/A85306/From_CM/C85306(25).wav,1,5,6,5,4
742,742,190924,Programs/64/64433/A64433/PM-1403-MM/A64433-013.wav,1,0,3,3,2
743,743,190925,Programs/63/63210/A63210/PM-1006/A63210-25-SABU-Markus_4_30.wav,1,7,7,6,3
744,744,190926,Programs/64/64433/A64433/PM-1403-MM/A64433-015.wav,1,0,1,4,1
745,745,190927,Programs/64/64433/A64433/PM-1403-MM/A64433-014.wav,1,0,3,2,0
746,746,190928,Programs/64/64434/A64434/PM-1601/A64434-010.wav,1,0,0,0,0
747,747,190929,Programs/64/64433/A64433/PM-1403-MM/A64433-012.wav,1,0,5,2,0
748,748,190930,Programs/64/64433/A64433/PM-1403-MM/A64433-001.wav,1,0,3,1,0
749,749,190931,Programs/64/64433/A64433/PM-1403-MM/A64433-011.wav,1,0,7,5,1
750,750,190932,Programs/64/64433/A64433/PM-1403-MM/A64433-009.wav,1,0,4,3,1
751,751,190933,Programs/80/80905/A80905/PM-1105/A80905-023.wav,1,23,23,20,9
752,752,190934,Programs/33/33880/A33880/PM/A33880-11.wav,1,5,5,4,1
753,753,190935,Programs/64/64244/A64244/PM-1407/A64244-006.wav,1,14,14,8,3
754,754,190936,Programs/66/66030/A66030/PM-1901/A66030-31.wav,1,6,8,7,4
755,755,190937,Programs/63/63630/A63630/PM-Clone-1108/A63630-035.wav,1,8,9,7,5
756,756,190938,Programs/79/79193/A79193/PM-1909/A79193-024.wav,1,6,6,7,5
757,757,190939,Programs/37/37636/A37636/PM/A37636-09 The army of Christ.wav,1,0,0,0,0
758,758,190940,Programs/37/37636/A37636/PM/A37636-20 I have no other God.wav,1,0,0,0,0
759,759,190941,Programs/22/22741/A22741/PM-0905/A22741-30.wav,1,1,8,6,6
760,760,190942,Programs/65/65349/A65349/PM-1607/A65349-007.wav,1,13,8,2,0
761,761,190943,Programs/19/19071/A19071/PM-Copy-1012/A19071-13.wav,1,8,9,7,4
762,762,190944,Programs/22/22741/A22741/PM-0905/A22741-28.wav,1,3,6,6,6
763,763,190945,Programs/79/79194/A79194/PM-1909/A79194-021.wav,1,8,9,9,8
764,764,190946,Programs/65/65349/A65349/PM-1607/A65349-029.wav,1,6,5,6,1
765,765,190947,Programs/80/80103/A80103/PM/A80103-29.wav,1,11,10,7,7
766,766,190948,Programs/37/37574/A37574/PM-1208/A37574-002.wav,1,48,48,45,30
767,767,190949,Programs/65/65349/A65349/PM-1607/A65349-003.wav,1,7,8,5,2
768,768,190950,Programs/66/66030/A66030/PM-1901/A66030-06.wav,1,5,8,5,2
769,769,190951,Programs/27/27280/A27280/PM-1406/A27280-003.wav,1,2,3,3,1
770,770,190952,Programs/80/80516/A80516/PM-9905/A80516-07.wav,1,0,0,0,0
771,771,190953,Programs/62/62943/A62943/PM/A62943-08.wav,1,5,20,1,0
772,772,190954,Programs/66/66030/A66030/PM-1901/A66030-36.wav,1,5,6,4,4
773,773,190955,Programs/66/66030/A66030/PM-1901/A66030-29.wav,1,5,5,4,2
774,774,190956,Programs/63/63942/A63942/PM-1209/A63942-02.wav,1,2,3,1,1
775,775,190957,Programs/66/66030/A66030/PM-1901/A66030-28.wav,1,5,7,7,6
776,776,190958,Programs/37/37994/A37994/PM_au/A37994-18.WAV,1,0,2,2,0
777,777,190959,Programs/37/37994/A37994/PM_au/A37994-13.WAV,1,7,7,6,3
778,778,190960,Programs/26/26030/A26030/MM/A26030-43.wav,1,4,6,5,0
779,779,190961,Programs/22/22741/A22741/PM-0905/A22741-24.wav,1,1,9,7,5
780,780,190962,Programs/66/66030/A66030/PM-1901/A66030-24.wav,1,9,6,6,4
781,781,190963,Programs/65/65349/A65349/PM-1607/A65349-024.wav,1,22,15,7,5
782,782,190964,Programs/66/66030/A66030/PM-1901/A66030-25.wav,1,9,10,8,6
783,783,190965,Programs/66/66030/A66030/PM-1901/A66030-18.wav,1,2,6,5,4
784,784,190966,Programs/26/26030/A26030/MM/A26030-03.wav,1,0,2,2,1
785,785,190967,Programs/80/80830/A80830/PM-1901/A80830-020.wav,1,1,3,1,0
786,786,190968,Programs/62/62942/A62942/PM/A62942-05.wav,1,0,0,0,0
787,787,190969,Programs/79/79189/A79189/PM-1806/A79189-40.wav,1,6,9,11,6
788,788,190970,Programs/66/66030/A66030/PM-1901/A66030-02.wav,1,5,7,6,4
789,789,190971,Programs/62/62942/A62942/PM/A62942-06.WAV,1,2,6,2,0
790,790,190972,Programs/62/62942/A62942/PM/A62942-07.WAV,1,0,4,3,0
791,791,190973,Programs/66/66030/A66030/PM-1901/A66030-01.wav,1,2,2,3,1
792,792,190974,Programs/22/22741/A22741/PM-0905/A22741-25.wav,1,2,10,7,7
793,793,190975,Programs/79/79194/A79194/PM-1909/A79194-022.wav,1,11,11,11,8
794,794,190976,Programs/62/62806/A62806/PM-0806/A62806-15.wav,1,9,8,5,3
795,795,190977,Programs/62/62806/A62806/PM-0806/A62806-11.wav,1,8,8,5,2
796,796,190978,Programs/62/62944/A62944/PM/A62944-06.wav,1,2,6,1,0
797,797,190979,Programs/62/62150/A62150/PM-1610/A62150-040.wav,1,7,8,7,6
798,798,190980,Programs/64/64209/A64209/PM-1309/A64209-08.wav,1,11,10,9,3
799,799,190981,Programs/64/64209/A64209/PM-1309/A64209-04.wav,1,22,20,8,6
800,800,190982,Programs/37/37785/A37785/PM-1603/A37785-018.wav,1,14,14,13,12
801,801,190983,Programs/79/79194/A79194/PM-1909/A79194-010.wav,1,10,11,10,6
802,802,190984,Programs/62/62805/A62805/PM-1302/A62805-009.wav,1,7,6,2,0
803,803,190985,Programs/64/64209/A64209/PM-1309/A64209-26.wav,1,26,26,19,2
804,804,190986,Programs/64/64209/A64209/PM-1309/A64209-13.wav,1,13,14,12,5
805,805,190987,Programs/37/37785/A37785/PM-1603/A37785-006.wav,1,7,9,8,7
806,806,190988,Programs/37/37785/A37785/PM-1603/A37785-015.wav,1,12,10,10,9
807,807,190989,Programs/37/37785/A37785/PM-1603/A37785-014.wav,1,8,9,8,8
808,808,190990,Programs/79/79190/A79190/PM-1908/A79190-024.wav,1,12,12,12,7
809,809,190991,Programs/82/82763/A82763/From_CM/C82763 Region 00_06_23_564 to 00_08_35_545 (0.wav,1,3,4,0,0
810,810,190992,Programs/82/82763/A82763/From_CM/C82763 Region 00_10_59_173 to 00_13_49_875 (0.wav,1,9,7,3,0
811,811,190993,Programs/82/82763/A82763/From_CM/C82763 Region 00_13_49_875 to 00_15_54_241 (0.wav,1,13,14,7,3
812,812,190994,Programs/37/37785/A37785/PM-1603/A37785-009.wav,1,9,10,9,9
813,813,190995,Programs/27/27080/A27080/PM-1101/A27080-34.wav,1,7,8,9,4
814,814,190996,Programs/63/63632/A63632/PM-1203/A63632-022.wav,1,19,19,21,12
815,815,190997,Programs/63/63632/A63632/PM-1203/A63632-021.wav,1,9,7,9,6
816,816,190998,Programs/64/64209/A64209/PM-1309/A64209-39.wav,1,10,11,7,6
817,817,190999,Programs/63/63632/A63632/PM-1203/A63632-037.wav,1,9,8,7,7
818,818,191000,Programs/62/62944/A62944/PM/A62944-08.wav,1,5,20,4,0
819,819,191001,Programs/62/62806/A62806/PM-0806/A62806-19.wav,1,15,15,9,4
820,820,191002,Programs/62/62806/A62806/PM-0806/A62806-17.wav,1,14,13,7,5
821,821,191003,Programs/34/34781/A34781/PM-1908/A34781-001.wav,1,4,4,4,2
822,822,191004,Programs/64/64289/A64289/PM-1402/A64289-35.wav,1,10,9,7,3
823,823,191005,Programs/82/82785/A82785/From_CM/C82785A(14).wav,1,15,15,15,6
824,824,191006,Programs/62/62943/A62943/PM/A62943-06.wav,1,2,6,1,0
825,825,191007,Programs/63/63632/A63632/PM-1203/A63632-034.wav,1,11,11,10,8
826,826,191008,Programs/64/64209/A64209/PM-1309/A64209-36.wav,1,11,11,5,1
827,827,191009,Programs/64/64791/A64791/PM-1501/A64791-008.wav,1,5,5,7,3
828,828,191010,Programs/63/63632/A63632/PM-1203/A63632-035.wav,1,10,11,8,8
829,829,191011,Programs/63/63632/A63632/PM-1203/A63632-038.wav,1,17,16,14,10
830,830,191012,Programs/80/80101/A80101/PM/A80101-19.wav,1,0,0,0,0
831,831,191013,Programs/63/63632/A63632/PM-1203/A63632-003.wav,1,7,6,6,4
832,832,191014,Programs/38/38104/A38104/PM/A38104-08.wav,1,7,6,4,1
833,833,191015,Programs/01/01531/A01531/From_CM/C01531B Region 00_20_22_058 to 00_22_49_258 (07 _ 08).wav,1,2,3,1,0
834,834,191016,Programs/31/31391/A31391/From_CM/C31391A Region 00_07_01_312 to 00_08_31_893 (03 _ 04).wav,1,15,21,18,17
835,835,191017,Programs/33/33361/A33361/From_CM/C33361B Region 00_20_53_077 to 00_22_02_111 (12 _ 13).wav,1,16,16,16,13
836,836,191018,Programs/80/80101/A80101/PM/A80101-29.wav,1,0,0,0,0
837,837,191019,Programs/80/80433/A80433/PM-1610/A80433-014.wav,1,15,15,13,11
838,838,191020,Programs/33/33810/A33810/MM/A33810-02.wav,1,11,11,10,9
839,839,191021,Programs/30/30991/A30991/From_CM/C30991B Region 00_04_54_101 to 00_05_36_511 (06 _ 07).wav,1,6,8,7,3
840,840,191022,Programs/33/33361/A33361/From_CM/C33361B Region 00_11_33_973 to 00_13_31_135 (07 _ 08).wav,1,28,28,27,18
841,841,191023,Programs/62/62647/A62647/PM/A62647-25.wav,1,7,7,6,0
842,842,191024,Programs/33/33800/A33800/MM/A33800-13.wav,1,5,6,6,4
843,843,191025,Programs/65/65071/A65071/PM-1510-24bit/A65071-003.wav,1,8,7,2,0
844,844,191026,Programs/63/63872/A63872/PM-1209/A63872-018.wav,1,16,17,16,6
845,845,191027,Programs/38/38065/A38065/PM/A38065-35.wav,1,0,5,2,2
846,846,191028,Programs/63/63872/A63872/PM-1209/A63872-015.wav,1,13,13,11,5
847,847,191029,Programs/65/65070/A65070/PM-1510/A65070-004.wav,1,18,40,36,16
848,848,191030,Programs/80/80434/A80434/PM-1702/A80434-008.wav,1,18,18,7,3
849,849,191031,Programs/80/80433/A80433/PM-1610/A80433-018.wav,1,16,16,15,11
850,850,191032,Programs/65/65070/A65070/PM-1510/A65070-005.wav,1,21,19,19,17
851,851,191033,Programs/33/33800/A33800/MM/A33800-21.wav,1,4,4,5,4
852,852,191034,Programs/80/80435/A80435/PM-1610/A80435-015.wav,1,15,15,14,14
853,853,191035,Programs/33/33361/A33361/From_CM/C33361A Region 00_16_28_373 to 00_18_34_922 (09 _ 10).wav,1,30,30,26,18
854,854,191036,Programs/30/30991/A30991/From_CM/C30991A Region 00_01_05_706 to 00_01_32_287 (03 _ 04).wav,1,4,3,0,0
855,855,191037,Programs/80/80682/A80682/PM-0912/A80682-12-Ngi_Koey_Awgadh.wav,1,0,0,0,0
856,856,191038,Programs/34/34791/A34791/PM-1106/A34791-14.wav,1,0,0,0,0
857,857,191039,Programs/62/62806/A62806/PM-0806/A62806-29.wav,1,9,11,11,3
858,858,191040,Programs/30/30991/A30991/From_CM/C30991A Region 00_01_32_288 to 00_02_20_031 (04 _ 05).wav,1,6,9,1,0
859,859,191041,Programs/62/62647/A62647/PM/A62647-12.wav,1,5,5,7,2
860,860,191042,Programs/80/80671/A80671/PM/A80671-13.wav,1,6,5,2,0
861,861,191043,Programs/80/80436/A80436/PM-1610/A80436-002.wav,1,27,27,28,20
862,862,191044,Programs/78/78166/A78166/From_CM/C78166A Region 00_00_00_000 to 00_00_21_589 (01 _ 02).wav,1,3,3,1,0
863,863,191045,Programs/62/62553/A62553/PM/A62553-08.wav,1,11,14,12,6
864,864,191046,Programs/80/80435/A80435/PM-1610/A80435-026.wav,1,0,0,0,0
865,865,191047,Programs/80/80431/A80431/PM-1702/A80431-002.wav,1,21,21,8,5
866,866,191048,Programs/82/82706/A82706/PM-1202-DJ/A82706-23.wav,1,7,7,7,5
867,867,191049,Programs/33/33351/A33351/PM-1112/A33351-013.wav,1,8,8,9,7
868,868,191050,Programs/62/62949/A62949/PM-1307/A62949-14.wav,1,59,59,41,23
869,869,191051,Programs/80/80433/A80433/PM-1610/A80433-010.wav,1,18,18,18,15
870,870,191052,Programs/80/80433/A80433/PM-1610/A80433-019.wav,1,19,20,19,15
871,871,191053,Programs/01/01960/A01960/PM-2006/A01960-013.wav,1,0,0,0,0
872,872,191054,Programs/80/80433/A80433/PM-1610/A80433-021.wav,1,16,16,15,11
873,873,191055,Programs/80/80433/A80433/PM-1610/A80433-023.wav,1,12,12,12,12
874,874,191056,Programs/80/80433/A80433/PM-1610/A80433-025.wav,1,18,18,13,4
875,875,191057,Programs/80/80433/A80433/PM-1610/A80433-009.wav,1,16,16,16,15
876,876,191058,Programs/30/30991/A30991/From_CM/C30991A Region 00_00_25_600 to 00_01_05_706 (02 _ 03).wav,1,4,7,3,0
877,877,191059,Programs/80/80435/A80435/PM-1610/A80435-013.wav,1,15,16,16,13
878,878,191060,Programs/80/80432/A80432/PM-1609/A80432-004.wav,1,20,20,20,13
879,879,191061,Programs/64/64791/A64791/PM-1501/A64791-010.wav,1,5,5,1,0
880,880,191062,Programs/62/62948/A62948/PM-0810/A62948-41.wav,1,8,8,6,6
881,881,191063,Programs/80/80414/A80414/PM-1702/A80414-016.wav,1,19,19,11,4
882,882,191064,Programs/63/63123/A63123/PM-0909/A63123-02.wav,1,0,0,0,0
883,883,191065,Programs/02/02960/A02960/From_CM-2/A02960-10.wav,1,4,3,1,1
884,884,191066,Programs/63/63886/A63886/PM-1306/A63886-18_Maakaku_Tjukurrpa_14_22-26.wav,1,0,2,4,1
885,885,191067,Programs/38/38065/A38065/PM/A38065-16.wav,1,0,6,5,3
886,886,191068,Programs/80/80414/A80414/PM-1702/A80414-020.wav,1,18,17,7,0
887,887,191069,Programs/65/65774/A65774/PM-1802/A65774-22.wav,1,10,10,9,8
888,888,191070,Programs/63/63885/A63885/PM-1306/A63885-22_Maakaku_Tjukurrpa_10_46-52.wav,1,1,9,3,0
889,889,191071,Programs/80/80100/A80100/PM/A80100-17.wav,1,0,0,0,0
890,890,191072,Programs/63/63873/A63873/PM-1311/A63873-023.wav,1,20,21,12,3
891,891,191073,Programs/63/63873/A63873/PM-1311/A63873-022.wav,1,13,13,7,4
892,892,191074,Programs/63/63873/A63873/PM-1311/A63873-021.wav,1,15,15,8,1
893,893,191075,Programs/80/80435/A80435/PM-1610/A80435-006.wav,1,11,14,15,14
894,894,191076,Programs/80/80435/A80435/PM-1610/A80435-004.wav,1,14,14,12,12
895,895,191077,Programs/80/80435/A80435/PM-1610/A80435-003.wav,1,15,15,15,15
896,896,191078,Programs/38/38093/A38093/PM-0000/A38093-12.wav,1,6,7,6,2
897,897,191079,Programs/63/63212/A63212/PM-1006/A63212-32-SABU-Markus_16_12.wav,1,6,5,3,0
898,898,191080,Programs/38/38065/A38065/PM/A38065-26.wav,1,0,4,2,0
899,899,191081,Programs/63/63874/A63874/PM-1311/A63874-003.wav,1,15,15,10,6
900,900,191082,Programs/02/02960/A02960/From_CM-2/A02960-13.wav,1,2,3,0,0
901,901,191083,Programs/38/38085/A38085/PM-0000/A38085-03.wav,1,4,8,6,1
902,902,191084,Programs/63/63874/A63874/PM-1311/A63874-007.wav,1,9,11,4,1
903,903,191085,Programs/80/80435/A80435/PM-1610/A80435-018.wav,1,11,14,12,12
904,904,191086,Programs/38/38085/A38085/PM-0000/A38085-10.wav,1,4,7,4,2
905,905,191087,Programs/63/63874/A63874/PM-1311/A63874-005.wav,1,11,13,9,2
906,906,191088,Programs/63/63886/A63886/PM-1306/A63886-25_Maakaku_Tjukurrpa_15_16-20.wav,1,0,9,3,1
907,907,191089,Programs/38/38065/A38065/PM/A38065-03.wav,1,0,1,1,0
908,908,191090,Programs/33/33840/A33840/From_CM/C33840B Region 00_03_10_357 to 00_05_14_175 (03 _ 04).wav,1,14,21,15,3
909,909,191091,Programs/63/63212/A63212/PM-1006/A63212-31-SABU-Markus_16_9.wav,1,8,8,6,2
910,910,191092,Programs/80/80435/A80435/PM-1610/A80435-008.wav,1,13,13,13,12
911,911,191093,Programs/24/24210/A24210/From_CM/C24210A(5).wav,1,6,21,5,0
912,912,191094,Programs/33/33361/A33361/From_CM/C33361B Region 00_00_17_322 to 00_04_39_594 (02 _ 03).wav,1,63,64,56,34
913,913,191095,Programs/33/33361/A33361/From_CM/C33361B Region 00_00_00_000 to 00_00_17_322 (01 _ 02).wav,1,2,3,3,3
914,914,191096,Programs/63/63212/A63212/PM-1006/A63212-24-SABU-Markus_15_1.wav,1,11,8,7,0
915,915,191097,Programs/62/62948/A62948/PM-0810/A62948-39.wav,1,15,15,17,8
916,916,191098,Programs/78/78166/A78166/From_CM/C78166B Region 00_00_00_000 to 00_00_20_266 (01 _ 02).wav,1,4,4,4,2
917,917,191099,Programs/38/38094/A38094/PM-0000/A38094-14.wav,1,6,9,5,2
918,918,191100,Programs/80/80436/A80436/PM-1610/A80436-008.wav,1,23,23,20,14
919,919,191101,Programs/38/38094/A38094/PM-0000/A38094-18.wav,1,16,20,10,1
920,920,191102,Programs/33/33360/A33360/PM-1203/A33360-022.wav,1,13,13,13,10
921,921,191103,Programs/62/62948/A62948/PM-0810/A62948-18.wav,1,13,13,10,3
922,922,191104,Programs/63/63212/A63212/PM-1006/A63212-12-SABU-Markus_13_28.wav,1,9,11,6,0
923,923,191105,Programs/62/62948/A62948/PM-0810/A62948-20.wav,1,10,10,7,2
924,924,191106,Programs/80/80688/A80688/PM-0910/A80688-11.wav,1,0,0,0,0
925,925,191107,Programs/80/80688/A80688/PM-0910/A80688-05.wav,1,0,0,0,0
926,926,191108,Programs/80/80900/A80900/PM-1104/A80900-009.wav,1,12,12,9,9
927,927,191109,Programs/33/33821/A33821/MM/A33821-19.wav,1,12,13,10,6
928,928,191110,Programs/62/62948/A62948/PM-0810/A62948-24.wav,1,7,7,5,1
929,929,191111,Programs/33/33821/A33821/MM/A33821-21.wav,1,13,13,14,7
930,930,191112,Programs/62/62948/A62948/PM-0810/A62948-26.wav,1,11,12,10,5
931,931,191113,Programs/63/63736/A63736/PM-1112/A63736-05.wav,1,1,6,2,0
932,932,191114,Programs/64/64289/A64289/PM-1402/A64289-25.wav,1,8,10,6,3
933,933,191115,Programs/63/63736/A63736/PM-1112/A63736-28.wav,1,5,8,7,3
934,934,191116,Programs/75/75398/A75398/PM-1307/A75398-007.wav,1,8,8,8,8
935,935,191117,Programs/63/63736/A63736/PM-1112/A63736-01.wav,1,3,6,5,2
936,936,191118,Programs/16/16691/A16691/PM-Copy-1001/A16691-14.wav,1,5,8,1,1
937,937,191119,Programs/63/63736/A63736/PM-1112/A63736-07.wav,1,3,8,5,0
938,938,191120,Programs/80/80688/A80688/PM-0910/A80688-03.wav,1,0,0,0,0
939,939,191121,Programs/33/33801/A33801/MM/A33801-10.wav,1,8,8,8,7
940,940,191122,Programs/64/64791/A64791/PM-1501/A64791-001.wav,1,3,3,3,1
941,941,191123,Programs/64/64433/A64433/PM-1403-MM/A64433-025.wav,1,0,2,3,1
942,942,191124,Programs/33/33820/A33820/MM/A33820-03.wav,1,9,9,9,6
943,943,191125,Programs/64/64433/A64433/PM-1403-MM/A64433-031.wav,1,0,8,5,2
944,944,191126,Programs/64/64433/A64433/PM-1403-MM/A64433-028.wav,1,0,4,3,0
945,945,191127,Programs/29/29611/A29611/From_CM/C29611A Region 00_00_00_000 to 00_00_12_202 (01 _ 02).wav,1,0,1,2,1
946,946,191128,Programs/63/63212/A63212/PM-1006/A63212-09-SABU-Markus_13_3.wav,1,24,25,18,3
947,947,191129,Programs/64/64433/A64433/PM-1403-MM/A64433-027.wav,1,0,5,6,2
948,948,191130,Programs/33/33820/A33820/MM/A33820-08.wav,1,8,8,8,6
949,949,191131,Programs/62/62948/A62948/PM-0810/A62948-04.wav,1,9,8,6,3
950,950,191132,Programs/33/33801/A33801/MM/A33801-14.wav,1,10,10,11,10
951,951,191133,Programs/22/22741/A22741/PM-0905/A22741-02.wav,1,1,6,6,6
952,952,191134,Programs/64/64433/A64433/PM-1403-MM/A64433-002.wav,1,0,4,4,1
953,953,191135,Programs/80/80105/A80105/PM/A80105-33.wav,1,0,0,0,0
954,954,191136,Programs/62/62948/A62948/PM-0810/A62948-07.wav,1,14,14,15,6
955,955,191137,Programs/62/62948/A62948/PM-0810/A62948-08.wav,1,10,10,9,5
956,956,191138,Programs/63/63736/A63736/PM-1112/A63736-03.wav,1,3,5,3,0
957,957,191139,Programs/62/62948/A62948/PM-0810/A62948-10.wav,1,10,12,9,2
958,958,191140,Programs/16/16691/A16691/PM-Copy-1001/A16691-09.wav,1,4,9,9,2
959,959,191141,Programs/80/80904/A80904/PM-1105/A80904-022.wav,1,19,20,17,13
960,960,191142,Programs/02/02781/A02781/PM/A02781-04.wav,1,9,9,2,0
961,961,191143,Programs/80/80904/A80904/PM-1105/A80904-021.wav,1,17,17,19,13
962,962,191144,Programs/35/35050/A35050/PM-1601/A35050-014.wav,1,0,0,0,0
963,963,191145,Programs/80/80679/A80679/PM-9605/A80679-01.wav,1,0,0,0,0
964,964,191146,Programs/33/33351/A33351/PM-1112/A33351-015.wav,1,15,15,13,12
965,965,191147,Programs/17/17170/A17170/PM-1304/A17170-028.wav,1,5,6,4,4
966,966,191148,Programs/38/38103/A38103/PM-0000/A38103-02.wav,1,29,40,26,12
967,967,191149,Programs/17/17170/A17170/PM-1304/A17170-023.wav,1,9,9,9,5
968,968,191150,Programs/34/34821/A34821/PM-1106/A34821-01.wav,1,0,0,0,0
969,969,191151,Programs/63/63210/A63210/PM-1006/A63210-09-SABU-Markus_1_35.wav,1,10,12,8,3
970,970,191152,Programs/64/64791/A64791/PM-1501/A64791-012.wav,1,5,5,4,1
971,971,191153,Programs/38/38103/A38103/PM-0000/A38103-13.wav,1,19,17,14,2
972,972,191154,Programs/38/38103/A38103/PM-0000/A38103-10.wav,1,4,8,5,1
973,973,191155,Programs/80/80431/A80431/PM-1702/A80431-012.wav,1,17,18,6,2
974,974,191156,Programs/34/34821/A34821/PM-1106/A34821-05.wav,1,0,0,0,0
975,975,191157,Programs/38/38103/A38103/PM-0000/A38103-15.wav,1,1,4,0,0
976,976,191158,Programs/62/62949/A62949/PM-1307/A62949-01.wav,1,7,7,6,0
977,977,191159,Programs/64/64791/A64791/PM-1501/A64791-015.wav,1,6,6,4,1
978,978,191160,Programs/33/33810/A33810/MM/A33810-10.wav,1,12,13,13,12
979,979,191161,Programs/63/63736/A63736/PM-1112/A63736-17.wav,1,2,3,3,1
980,980,191162,Programs/63/63736/A63736/PM-1112/A63736-20.wav,1,4,7,4,3
981,981,191163,Programs/75/75399/A75399/PM-9207/A75399-22.wav,1,7,8,7,6
982,982,191164,Programs/80/80689/A80689/PM-0910/A80689-08.wav,1,0,0,0,0
983,983,191165,Programs/62/62948/A62948/PM-0810/A62948-28.wav,1,9,9,10,5
984,984,191166,Programs/80/80904/A80904/PM-1105/A80904-019.wav,1,19,20,21,13
985,985,191167,Programs/16/16691/A16691/PM-Copy-1001/A16691-03.wav,1,4,11,1,0
986,986,191168,Programs/33/33351/A33351/PM-1112/A33351-014.wav,1,11,12,9,9
987,987,191169,Programs/64/64433/A64433/PM-1403-MM/A64433-024.wav,1,0,2,1,0
988,988,191170,Programs/80/80689/A80689/PM-0910/A80689-14.wav,1,0,0,0,0
989,989,191171,Programs/80/80904/A80904/PM-1105/A80904-013.wav,1,13,13,13,9
990,990,191172,Programs/80/80886/A80886/PM-1104/A80886-013.wav,1,0,0,0,0
991,991,191173,Programs/33/33800/A33800/MM/A33800-02.wav,1,4,4,5,3
992,992,191174,Programs/38/38102/A38102/PM-0000/A38102-03.wav,1,4,8,2,0
993,993,191175,Programs/63/63736/A63736/PM-1112/A63736-25.wav,1,8,9,7,5
994,994,191176,Programs/17/17170/A17170/PM-1304/A17170-007.wav,1,4,6,6,3
995,995,191177,Programs/74/74632/A74632/PM-1604/A74632-036.wav,1,15,15,13,9
996,996,191178,Programs/80/80886/A80886/PM-1104/A80886-011.wav,1,0,0,0,0
997,997,191179,Programs/35/35061/A35061/PM-1909/A35061-001.wav,1,3,4,2,2
998,998,191180,Programs/62/62948/A62948/PM-0810/A62948-29.wav,1,9,9,6,2
999,999,191181,Programs/66/66364/A66364/PM-1910/A66364-002.wav,1,12,12,11,6
